"recipient_cfscore","total_receipts","log_pac_receipts"
-0.707,1044468.12,13.3562937096498
-0.707,778668.26,13.278404235433
-0.707,627678.4,12.9939554545078
-0.398,9801.79,0
-0.499,866834.99,13.2843203260204
-0.499,583583.88,13.1026808612945
-0.499,660079.99,13.2823737130099
-0.489,1475983.78,13.0388569780706
-0.489,1499955.98,13.0545148509048
-0.489,255291.5,10.5828146744952
0.536,1040707.05,13.099411097556
0.536,194352.08,11.5134338357279
-0.503,939654.02,13.3250411337353
-0.503,4375.12,0
0.615,1003531.63,12.8321210436121
0.615,788960.16,12.5760526729801
0.615,1103561.86,13.038122682165
-0.143,1353.74,0
-0.202,11597.79,0
-0.202,14898.01,0
-0.72,743547.15,13.1264908476676
-0.72,471485.24,12.5338403214328
-0.72,389.96,5.92532474460344
-0.295,14597.01,0
-0.649,1894271.24,13.8160614062195
-0.649,893023.27,12.9524500471734
-0.649,2601.11,0
-0.368,644278.41,12.9637216278035
-0.368,13038.47,7.16816378604846
-0.658,103380.74,11.1049722641249
-0.718,1091666.32,12.9813278994269
-0.243,1359430.49,13.834855237281
-0.243,2589881.04,14.27739186528
-0.243,423,0
0.43,517353.1,12.1145109314417
0.43,2781.12,0
0.996,2702536.36,14.1418725146554
0.996,11109.41,0
-0.637,908449.38,13.34242760045
-0.637,1063565.6,13.5837547019905
-0.637,1103289.27,13.6176454232335
1.172,554919.59,12.5322331485001
1.172,438376.54,12.3605132833156
1.172,384926.81,12.23198889941
0.768,743699.28,13.1782729005938
0.768,385684.89,12.6297083309109
0.768,554,0
0.975,195588.7,11.27404625502
-0.79,931002.9,12.3920091189661
-0.429,5981.25,0
0.766,1535445.49,13.7702285699426
0.766,1332880.26,13.7726980420034
0.766,1335280.11,13.7613711118636
0.546,658473.84,12.2248301680711
0.546,486140.67,12.0859706732173
0.546,728767.64,12.4920962685146
0.771,1091197.21,12.8309339456975
0.771,234065.76,11.6881468752739
-0.48,4155102.7,14.8039069180675
-0.48,3869179.16,14.6825127214863
-0.48,3736291.14,14.724421812348
-0.477,452953.93,11.98376593147
-0.746,4686484.25,13.5821865739505
-0.746,14181.28,0
-0.35,26604.52,0
0.821,414031.54,11.4003412544731
0.821,1689.62,0
-0.212,1213184.51,12.7901166208548
-0.212,762303.64,12.6650658822559
-0.212,653995.05,12.7729505716203
-0.6,1150008.58,13.467796771225
-0.6,891853.46,13.4133913460972
-0.6,900736.85,13.2873598682108
-0.688,1836756.43,14.0594903355605
-0.688,1453214.21,13.9061191297838
-0.688,1306856.98,13.8536547303169
0.217,19062.37,8.5173931714189
-0.251,44958.66,0
-0.251,163.5,0
-0.109,174419,0
-0.535,771006.95,13.0653799247284
-0.535,5000,0
1.191,1535592.48,13.5332052580626
1.191,1172672.46,13.3606427461226
1.191,1350975.29,13.5015584020356
0.805,531611.09,12.8126265980277
0.805,90141.1,11.1272776899325
-0.315,16030.38,0
0.539,14775.33,0
0.539,8051.47,0
-0.662,116006.05,9.25512251474808
-0.301,785240.06,13.2519739862919
-0.301,937818.3,13.3352616486121
-0.301,1009860.99,13.3775128779413
-0.702,1333331.11,13.3241705177774
-0.702,1247992.6,13.3510593255941
-0.702,1502596.63,13.6718999113192
0.94,250691.38,10.4764707402093
0.94,1403.39,0
0.934,397779.8,12.6737329062313
0.979,427734.54,9.07119324056602
0.979,14070.55,0
-0.595,463592.37,0
-0.595,662134.78,0
-0.595,314496.84,0
-0.78,1238406.06,13.5536924443293
-0.78,723262.78,13.2664220754893
-0.78,1092287.29,13.3367503011181
-0.818,1141279.86,13.1689625717227
-0.818,839562.93,13.0553491970163
-0.818,793105.6,13.0060115445884
-0.772,2278708.56,13.8823202761052
-0.772,1112376.31,13.2660757673458
-0.772,1421769.16,13.4719046410428
1.222,1727471.98,13.7283848071615
1.222,1455927.03,13.5445812641303
1.222,1590453.96,13.5998171850221
0.877,4129538.09,14.800574162194
0.877,3926017.82,14.7968761171381
0.877,2985193.3,14.49805421939
-0.959,2305144.47,13.8623950980611
-0.959,2926898.74,13.9286615489131
-0.959,4416893.49,13.9834417939715
0.588,3355,0
0.588,5200,0
-0.458,468334.12,12.1456222366628
-0.458,18414.47,0
-0.458,5403.93,0
-0.404,1868760,13.9108216468591
-0.404,2415229.49,14.2850354663915
0.792,650921.79,13.0642042088587
0.792,509941.71,12.7367038377645
0.792,382499.02,12.4460029082859
1.042,659.02,0
-0.311,1062605.76,13.0468226870922
-0.311,1237732,13.0328237160866
-0.311,1650684.82,13.1313400661049
-0.761,2165669.24,12.7358770278939
-0.761,2133891.4,13.1207098310498
-0.761,1711257.5,13.0646304456194
-0.889,611669.76,12.6210676330779
-0.889,591924.55,12.9611400788025
-0.889,277749.1,12.0299379108227
-0.334,1793586.71,14.0730684673132
-0.334,1809130.37,14.1879524457922
-0.334,1792791.11,14.0985459789329
-0.619,341004.57,12.1973428010804
-0.619,91.12,0
-0.619,2000,7.60140233458373
1.018,493391.61,11.0401339531888
1.018,814010.5,10.7138842931463
1.018,887923.35,10.7441491558846
0.837,712777.03,12.9566416774496
0.837,60720.07,0
0.837,89400.52,0
-0.054,680.32,0
0.497,190.21,0
0.525,2146246.12,13.322608345894
0.525,1004276.28,12.878338648868
0.525,1558423.54,13.3216901228974
0.585,320457.93,9.10509096125709
1.142,18053902,14.9155315206518
-0.116,450401.1,12.7648874842199
-0.8,900844.16,12.7380574466503
-0.8,3390694.29,13.6823806390241
-0.8,2996005.94,13.5383678573684
-0.972,1333321.02,13.1791708407795
-0.972,916759.17,13.0047075836524
-0.972,975256.29,13.003964902404
-0.816,400,0
1.062,2478710.48,13.6682151834119
1.062,3750000.87,13.4952910237327
1.062,2890440.52,13.676278202833
-0.812,647371.55,12.7483142585192
-0.812,610238.34,12.5853960507903
-0.812,485051.35,12.7107322886484
1.008,731600.7,12.8409558189541
1.008,650125.89,12.8733916314705
1.008,814995.17,12.7958431746051
0.948,543226.67,12.619730170629
0.948,1287441.93,13.5251457568785
0.948,1135726.47,13.5505019683487
0.633,671457.93,12.7890658679995
1.323,355735.93,10.6309008849637
-0.447,729836.44,13.0480190696332
-0.447,2657862,12.5983207931555
-0.447,1216340.21,12.8008376826334
1.132,1921587.04,14.013301740697
1.132,1044273.46,13.5136853681349
1.132,6455.35,0
-0.847,931989.76,12.9968591096072
-0.847,863235.1,13.081491381634
-0.847,920365.29,13.1245774046362
1.33,11243370.9,13.843340682437
0.939,1357980.82,13.8713971967744
0.939,1263609.57,13.8944662288735
0.939,1526911.24,13.9981007453405
1.244,209117.08,12.043559598368
0.821,10131.85,0
-0.455,3190720.72,13.9063334120379
-0.455,3826438.09,14.105558275071
-0.455,1433658.49,13.1798989412254
0.802,3375829.85,14.5200181638356
0.802,3291477.93,14.5626217902622
0.802,4561513.63,14.8665445483568
1.055,1181556.1,13.4987099596684
1.055,3260.38,0
0.705,1674736.45,13.7314175873719
0.705,4054875.87,14.5877154366197
0.705,4104005.17,14.7319335010981
0.785,52318.69,0
-0.591,1103438.77,13.1747749762563
-0.591,1122854.59,13.250160108243
-0.591,1168206.09,13.1486371782818
1.119,2232.03,0
1.119,1717.82,0
1.097,1030164.96,12.9390681307282
1.097,1182238.9,13.1899804549206
1.097,1153117.97,13.3739793157821
1.219,842045.37,12.8463448077523
1.219,719440.11,12.6723675936118
1.219,1216620.06,13.2481188860516
-0.457,2360398.97,14.4452342754782
-0.457,942131.93,13.6351988959778
1.006,1077552.25,12.8539489394924
1.006,1432349.78,13.0707647732566
1.006,1619612.74,13.1101234137414
0.801,7640467.43,14.8605938373519
0.801,6649687.01,14.7980845779844
0.801,234660.79,0
-0.695,1356321.57,13.7269142237751
-0.695,1070865.76,13.5985366849829
-0.695,958052.51,13.5211388262205
0.87,2449473.47,13.9929903372481
1.111,1140566.63,13.1674044271809
1.111,87681.86,10.7789771230064
1.039,1069891.19,13.2853339049164
1.039,1107197.22,13.2799498623732
1.039,1139022.37,13.401208014505
1.223,378998.03,12.1837244750864
1.223,424680.15,12.2401165204108
1.223,362299.08,12.2742031452815
-0.874,908543.77,12.6930531302486
-0.874,589338.71,12.5297279522406
-0.874,664591.65,12.6829416850717
-0.036,218022.24,11.8709564890166
1.376,1551896.98,13.6635863992649
1.376,2145627.18,14.1681335237161
1.376,2463359.88,14.3002275380409
-0.664,1048195.13,13.4553667473154
-0.664,1350030.93,13.7398361611462
-0.664,1480952.91,13.9581182213449
0.582,852973.17,13.0610218736895
0.582,942031.32,13.2801827080666
0.582,1385125.59,13.7577571683378
-0.148,64508.96,0
1.338,1720190.35,13.6633507284122
-0.127,976668.79,13.5845886081932
-0.127,1026212.72,13.7055182208529
-0.127,1243041.31,13.8655926110952
1.443,3753859.7,13.4403821048316
1.443,2000377.86,12.9123814309229
1.443,947982.84,12.5793106613417
-0.3,2403028.68,13.8262068778252
-0.3,16.5,0
-0.658,1222006.4,13.5509602057472
-0.658,177621.51,11.9938133947243
-0.167,1408187.25,13.5135952451488
-0.167,1085269.72,13.4567161552731
-0.167,1144544.26,13.3456285213259
-0.82,1634095.81,13.5338099475146
-0.82,1110525.93,13.4776850280546
-0.82,199912.71,10.3890261370752
0.788,674170.19,13.0135547014467
0.788,850673.97,13.1447480409231
0.788,9581.91,8.69968140098951
0.94,474460.37,12.425212191503
1.143,2352676.1,13.8631104902792
1.143,2776557.7,14.0147499641659
1.143,745880.89,12.7476728370496
1.025,2397464.98,13.8247297404055
1.025,2078660.33,13.7861342690662
1.025,2469908.66,13.5230953150464
1.2,1687074.84,12.9946605201044
1.2,2070663.45,13.1265038737067
1.2,1860536.25,13.0964568833579
-0.79,2731218.03,13.8815203337757
-0.79,3034996.76,14.0366047467689
-0.79,19726.14,0
-0.559,901274.34,13.3612706183191
-0.559,852624.56,13.4342618807973
-0.559,1113965.75,13.7188150149874
-0.883,283505.64,11.701485853054
0.845,1232450.03,12.9970631583892
0.845,1072743.57,13.1785640349643
0.845,1068879.5,13.1717076737285
-0.744,991384.96,13.314090809932
-0.744,1048541.65,13.3242547402761
-0.744,1033644.83,13.217510089303
0.883,1016545.82,12.9679367228329
0.883,1338212.4,13.2722054398851
0.883,1808368.65,13.7828282316967
0.828,2234892.13,14.1195873765937
0.828,1133555.2,13.5005793504683
0.828,6649.25,0
0.684,2386295.47,14.0336444780035
0.684,1854010.24,13.9569447101127
0.684,1499654.48,13.8015728680503
-0.661,1300,0
-0.194,10716.86,0
1.273,1779731.37,13.9384395924495
1.273,2086901.07,14.0196046876917
1.273,2239550.04,14.0754765411606
1.203,3017392.46,14.2033533002779
1.203,3121515.43,14.2374387363222
1.203,2258314.34,14.043531348189
1.336,1561331.33,13.6635016628777
1.336,1670292.16,13.8402338822782
1.336,291789.71,12.3587980243841
1.223,1054607.15,13.6707749172323
1.223,1178543.53,13.7076969358998
1.223,1364055.55,13.8001404202559
1.165,885683.63,12.9794944684032
1.165,996110.34,13.14014105391
1.165,1062407.96,13.3285334508025
0.898,353367.37,12.3950428841071
0.898,559345.61,12.8750577602349
0.898,1035353.03,13.3387232837389
0.014,1483125.53,13.4654472375647
0.014,1524075.67,13.4423947869698
0.014,1759404.4,13.7229939385341
-0.725,628.18,0
-0.553,3629324.39,13.5547962316
-0.553,2585591.55,7.60140233458373
-0.553,4037050.28,13.6649846822562
1.154,2341155.22,13.9989613769017
1.154,2403022.09,13.9937991683513
1.154,2337387.1,14.1022856167035
1.242,1067726.45,13.3185493113404
1.242,1033459.52,13.3344037883558
1.242,451747.05,12.5213630878128
-0.504,2876917.75,14.4002963581056
-0.504,3550177.63,14.6030639143855
-0.504,6597.29,0
-0.329,825517.56,13.1831109469565
-0.329,874348.64,13.3063488491237
-0.329,886350.28,13.3716638189748
1.116,528415.78,13.0710721882777
1.022,4496593.86,14.6086289207785
1.022,2281027.56,14.0573906076768
1.022,11526950.36,15.1970959090796
-0.756,1398407.42,13.0785908468305
-0.756,10284.18,7.82444593087762
-0.756,2627.28,6.90875477931522
-0.54,1154849.08,13.6076766758072
-0.54,986750.65,13.5013807539348
-0.54,1165082.56,13.7262145149298
1.19,698413.78,12.4740021644321
1.19,784737.23,12.7149130801114
1.19,802661.38,12.7233802160154
-0.286,1091162.23,12.9707257837956
-0.286,851431.87,12.6907644977349
-0.286,792629.52,12.7263746462668
1.08,972460.35,12.6487510044688
1.08,1274738.5,13.0478910496504
1.08,1580094.72,13.4336752734961
0.923,1230228.35,13.4261481231093
0.923,1746285.66,13.8266800265551
0.923,3226166.96,14.3483193593095
0.404,264568.44,11.7873366423426
0.404,8548.21,0
0.767,2672026.97,13.8997165134363
0.767,3056434.55,13.9763276676879
0.767,112473.57,0
-0.949,2904421.74,13.9899888113129
-0.949,532686.34,12.5972731630691
-0.949,201,0
0.825,1706451.47,13.6141463431843
0.825,1762781.84,13.7233170423126
0.825,1669362.27,13.8522339149333
1.461,742346.57,11.6852801841081
1.461,772093.73,12.0820129402315
1.461,742484.6,11.5751582048361
1.074,966270.91,12.8177412964507
1.074,924138.66,12.8216313771749
1.074,838509.88,12.8654340608144
-0.594,351713.48,11.9827165716346
-0.594,530350.34,12.0958447478085
-0.594,706231.24,12.2830383162852
1.102,1324340.28,13.1217739036988
1.102,1633177.55,13.6339673381875
1.102,1774897.36,13.5212219637599
1.337,1350629.71,13.4413849472719
1.337,2011703.4,13.8456869752676
1.337,1939446.23,14.0071591243243
1.07,829632.42,13.1914529268845
1.07,804262.61,13.3315952809193
1.07,1033312.66,13.4851517442346
0.323,1672433.49,13.5829470528721
0.323,1509460.41,13.5642482154697
0.323,1689931.66,13.7830302475707
1.092,1968862,13.7392481127532
1.092,2698350,14.088425886746
1.092,3274060,14.2192588598703
1.02,1654833.25,13.5869536307344
1.02,1301442.34,13.4937778054764
1.02,1663101.86,13.8155410574992
-0.712,823446.23,13.2333982553742
-0.712,1031481.1,13.5055160713344
-0.712,1018790.86,13.562778553969
1.061,1295137.64,13.294339083304
1.061,247932.95,11.7848857705765
1.061,2384.28,7.69379608546703
1.051,663975.17,12.535235123702
1.051,1273.67,0
-0.345,663826.51,12.7085964342269
-0.345,659464.8,12.8217338471983
-0.345,635397.21,12.8542807743587
-0.852,1025372,13.0307983756573
-1.093,2532626.42,13.6532571696779
-1.093,1224433.6,13.0350220259791
-1.093,1217897.4,13.0912349976202
1.224,4659697.08,14.7002027283818
1.224,5958895.95,14.8684848710921
1.224,7824640.59,15.0032771755816
0.984,721043.63,13.0057886614356
0.984,590021.76,12.6982535313873
0.984,590783.39,12.988605673459
-0.786,2970375.65,14.174599742278
-0.786,2046461.76,14.0171637896705
-0.786,1907702.23,13.9924454326012
-0.84,1520758.75,13.5110826263367
-0.84,1396008.17,13.6013899273934
-0.84,1202548.39,13.4852926064642
-1.006,86873.39,11.3679112535468
-0.466,1020415.31,13.0113950562449
-0.466,681491.62,12.8909381272958
-0.466,735013.13,12.9592583938575
1.01,2730570.15,13.5309915045561
1.01,1700684.19,13.4171640027308
1.01,1660718.68,13.5008150184884
-0.412,15701.26,0
-0.672,448223.02,12.8682476004362
-0.672,638258.47,13.1567667364869
-0.672,505298.56,12.9980035117367
-0.85,11037144,14.5641544113259
1.016,3277931.9,14.2898263638976
1.016,3494076.2,14.4511257925769
1.016,3013381.97,14.2684939614421
-0.727,11324466.72,14.7943572369743
-0.952,2687007.57,13.7054280110444
-0.952,12082748,14.3116734067333
-0.932,1562539.88,13.7052007815627
-0.932,1733368.07,13.7594749206336
-0.932,1626574.06,13.7483215406965
-0.587,1000849.45,13.1020988926684
-0.587,804484.49,13.1376198237168
-0.587,690649.72,12.985347222901
-0.743,1010366.77,8.00670084544037
-0.743,775892.37,0
-0.743,948496.94,0
1.316,1533549.73,13.1681535413077
1.316,1827643.49,13.5663950103723
1.316,2406972.54,13.9426849123701
-1.048,1976106.21,13.5672718149106
-1.048,1575564.65,13.4191491352774
-1.048,1572880.8,13.5589666224724
-1.064,2053544.11,12.8438418850908
-1.064,2090932.14,12.7659605392986
-1.064,2799429.48,12.7580910750574
1.468,30729663.04,13.11530049386
1.468,2380849,9.04793908261736
1.468,258538.27,0
1.169,1163154.28,13.5240156525611
1.169,1034587.4,13.5291425151306
1.169,1165784.51,13.7337135515748
1.019,351501.71,12.3673450484364
-1.067,1720667.32,13.1238557832126
-1.067,1710601.66,13.2457317460081
-1.067,1537929.58,13.1059252689615
-0.739,743730.13,12.878458289187
-0.739,624079.03,12.8215717489988
-0.739,685410.46,13.0700707206626
-1.119,20690.37,0
-0.384,562952.49,12.9368792248724
-0.384,57.51,0
1.511,1078119.01,13.116095072566
1.511,937570.14,12.8390360758255
1.511,733416.16,12.7795830263994
-0.291,1482726.72,13.1227477635185
-0.291,3000,0
-0.758,2523935.02,13.8663194545502
-0.289,1636260.54,13.7283612405522
-0.987,14523.83,5.01727983681492
-0.785,4000,8.00670084544037
-0.25,831885.68,13.0874050744602
-0.25,732896.77,13.0575915490527
-0.25,615634.82,13.000721864891
-1.019,3540707.49,12.9523947204077
-1.019,2871395.85,13.5892350321343
-1.019,2981949.73,13.5425213481424
-0.981,950025.79,13.2040446864524
-0.981,1151256.7,13.524780872922
-0.981,1018957.71,13.4907891056543
-0.668,616269.82,12.7318390971754
-0.668,21374.5,0
1.409,1351218.47,12.8938743645333
1.409,9119,7.60140233458373
-0.918,1606981.65,12.7058605370363
-0.918,1227146.73,12.6322419351966
-0.918,1213205.85,12.8705008560907
1.146,1111742.01,13.2397351818501
1.146,1217262.88,13.342173442823
1.146,1056036.48,13.356127450785
0.936,950387.37,13.0962267727591
0.936,1210489.86,13.3056028461215
0.936,1047333.61,13.1452614050803
-0.752,1124041.82,13.1148479270223
-0.752,1155654.89,13.243941478238
-0.752,1121602.41,13.2935906698026
0.731,758988.49,12.5482464543961
0.731,1081571.71,13.4044563599511
0.731,1414045.95,13.5711127262151
1.266,1436751.06,13.457551933317
1.266,2624874.23,14.4273790744545
1.266,3581223.24,13.1018562564107
-0.867,969474.1,12.9429644256366
-0.867,1075200.59,12.9732544366244
-0.867,874657.21,12.7959562769271
-1.038,788055.51,13.0092134921117
-1.038,576482.9,12.8889194589814
-1.038,60232.81,10.2921794400585
0.117,6615.83,0
0.384,597459.56,0
-0.998,2363587.45,13.2407921067779
-0.998,3420445.88,13.8950617602534
-0.998,423178.9,12.2428914379184
1.26,1191742.7,11.6057344284302
1.26,1593895.75,12.0753589936287
1.26,1058570.56,11.8137368446247
-0.75,1149923.96,6.90875477931522
-0.75,1193195.63,6.90875477931522
-0.75,1389071.3,0
1.275,3441282.7,13.8133657595276
1.275,4725822.09,14.1501950117394
1.275,3568845.95,14.0953929039795
-0.791,3035222.27,13.8872326683548
-0.791,2654776.14,13.8641803720348
-0.791,2167398.67,13.8162405714396
-1.042,5394199.71,12.347432571319
-1.042,3405575.83,12.5970195392054
-1.042,10030645.72,12.1484488292897
0.998,1051651.68,13.0545148509048
0.998,1131537.55,13.0804664303295
0.998,896408.67,12.9259128754963
0.871,1096521.82,13.1307293052388
0.871,596061.38,12.8760117397951
0.871,625662.49,13.1018003807006
-0.643,235737.36,9.68635837854066
-0.643,75910,9.83097062169695
1.009,3226793,14.0548659680631
1.009,2726450.13,14.2052505046025
1.009,265706.5,10.8888311007672
1.17,1948903.34,13.8588418878674
1.17,2633523.81,14.3161405565349
1.17,2200864.8,14.131760407774
0.927,1577907.36,13.9210298470169
0.927,1834726.89,14.0781769537086
0.927,1732323.77,14.196224541937
1.024,48321.94,8.00670084544037
1.337,1620069.64,12.6803300272291
1.337,1512622.19,12.6081185815927
1.337,1618352.32,12.089544447236
0.97,1797931.07,13.4781013605323
0.97,15550475,14.4445420613089
-0.982,1024607.7,12.1361918799819
-0.982,435540.05,11.5805934591948
-0.982,614358.96,12.049132244714
-0.853,9641.57,8.69968140098951
-0.903,2281359.28,13.8630260338732
-0.903,20048839.3,15.2770677412847
1.097,3113793.48,13.9985681521496
1.097,3196225.86,14.1458239103918
1.097,4954433.03,14.7039697157591
1.326,934965.57,12.9612575666309
1.326,1313752.66,13.1902107931072
1.326,1009225,13.2196370827755
1.199,1483424.09,13.325688914744
1.199,1299434.67,13.5962547769677
1.199,1905574.11,14.1094132621051
-0.719,1273980.63,13.2221738339377
-0.719,1086760.85,13.1825459627135
-0.719,952070.38,13.1457388693134
-0.513,7501.84,0
0.69,1321361.7,13.4572325011551
0.69,1188889.59,13.3528773483222
0.69,1120242.4,13.4461901822197
-0.892,13454181.24,14.6665253875689
-0.475,3628.08,0
-0.856,1102858.06,13.2774341481038
-0.856,1267973.38,13.5910430305804
-0.856,2108972.55,14.1679305855716
-0.699,974898.84,13.2105262395138
-0.699,1014130.84,13.4292860957409
-0.699,1155680.62,13.4677846516727
-0.84,2032959.47,13.4071071272111
-0.84,2710660.58,14.1736588200366
-0.84,1127.73,0
0.676,22478.16,8.47527684831495
-0.667,1303395.28,13.6228368015787
-0.667,1735.15,0
0.9,563762.81,11.976193964061
-0.517,689197.47,13.1310824951801
-0.517,965127.6,13.5600001560284
-0.517,722468.99,13.3796976124582
-0.956,528815.31,11.4344864041009
-0.439,1781164.17,13.8656754244164
-0.439,1637572.29,13.8293466167176
-0.439,1909841.12,14.1100663621007
1.017,1263884.89,13.0353495931391
1.017,1324739.64,13.1258366984351
1.017,1206124.38,13.0563100455201
1.154,706755.61,0
1.154,522428.21,7.60140233458373
1.154,403651.27,8.69968140098951
1.159,1439596.52,13.5060501974833
1.159,1482852.56,13.4612572651743
1.159,1551907.95,13.778479742833
0.962,807594.7,12.9597012376525
0.962,977465.27,13.3027225099027
0.962,1406796.27,13.580170644982
-0.736,969.64,0
-1.055,7829.18,0
-0.688,2241573.23,13.8418665570916
-0.688,1996341.69,13.775532998475
-0.688,2027734.05,13.7176241304818
1.139,715313.84,12.7900771671368
1.139,432665.64,12.6275784116324
1.139,100099.9,11.0186455364637
-0.698,728590.98,12.7575151227764
-0.698,914483.79,13.0501711075821
-0.698,1013643.52,13.2496583640111
-0.638,1523172.1,12.7692136411845
-0.638,1168164.17,12.8309168951109
-0.87,6212.29,0
-0.87,148.9,0
-0.87,17.83,0
-0.83,1997478.15,13.9033643625121
-0.83,800682.04,13.1327134501322
-0.604,2085819.12,13.5545462071602
-0.604,1457786.33,13.5398791701337
-0.604,1145846.45,13.3602905031837
-0.294,1444696.44,13.8606247263133
-0.294,428457.25,12.7940092991834
-0.294,1491.31,0
0.279,35133.44,8.5173931714189
0.279,29715.18,0
-0.288,1025610.58,13.2957569144403
-0.288,287956.88,12.307053082634
-0.775,729887.77,12.5270540883829
-0.775,1301923.81,13.2423133790486
-0.775,954948.76,13.1416776501807
-0.781,1175607.54,13.328621277149
-0.781,1244886.07,13.303631863247
-0.781,1146729.78,13.277952707592
0.969,1013.58,0
-0.858,362116.79,12.089544447236
0.906,4476144.59,14.9699343131904
0.906,2188155.7,14.3329319815392
0.906,38324.98,0
-0.332,1129343.43,13.7061883607544
-0.332,1585615.69,13.9891009420963
-0.332,1203941.53,13.8211435329294
-0.273,1510757.47,13.5155645499388
-0.273,795393.05,12.9280265251846
-0.578,212068,12.0881389735287
-0.578,192203.07,12.0061022603491
-0.578,276468.99,12.2219509159342
0.788,9484.84,0
0.788,14353.83,0
1.101,22024288.2,14.7037519597703
1.101,18372559.92,14.6577891284793
1.101,6452429.29,13.9855073087355
1.184,1136768.09,13.4270662703366
1.184,970541.76,13.2112592842183
1.184,1100214.21,13.6122642740756
-0.378,41411.77,0
-0.437,1102046.82,13.0368223298595
-0.437,841344.87,12.939955016843
-0.437,3048.69,0
0.98,2725003.77,14.2109986608635
0.98,301789.13,12.4820242973336
0.98,2444.41,0
-1.017,66274.9,10.7035093768831
-0.809,1489802.48,13.4241120398529
-0.809,1509756.37,13.565690968997
-0.809,1375000.13,13.3931429032578
-0.598,735679.32,12.9130187810833
-0.598,782583.56,12.9465301339073
-0.598,212350.88,11.8091010898668
0.749,1980066.12,13.5999643238118
0.749,504140.17,12.575758578261
0.749,1360.81,0
-0.589,1849999.56,14.0291125490272
-0.589,1852781.72,13.9765215320686
-0.589,1867773.33,13.9439868563524
-0.567,581440.27,12.6850979567464
-0.567,493129.12,12.6998568862538
-0.567,656653.58,12.8051857017806
-0.683,581.76,0
0.891,2748940.37,13.773464710675
0.891,3192506.95,13.931119970791
0.891,4456337.02,14.0762546645306
0.85,1091572.66,13.1308069895684
0.85,1192965.24,13.3672906511727
0.85,1452907.26,13.5184600585204
-0.558,150477.13,11.42683366504
-0.386,615071.75,12.738173341425
-0.386,598417.33,12.6925830354895
-0.386,558820.1,12.7541969442091
0.803,2068330.84,13.9055784299437
0.803,851622.29,13.0534976406926
0.803,1646784.85,13.671673893674
0.462,12580.41,0
-0.322,652962.59,12.6660916880235
-0.322,710345.7,12.7585075698097
-0.322,811734.3,12.8057622441661
1.21,1248412.38,13.6115642669251
1.21,8088438,13.9113478715365
-0.212,1290956,13.6149127065156
-0.212,1235547.51,13.6457369059005
-0.212,1121629.62,13.6132258284274
1.262,1588.77,0
-0.709,498765.15,12.9421152695287
-0.709,353071,12.7068509637411
-0.709,589580,13.0566529698761
-0.661,344048.41,12.4217468103022
-0.661,262850.48,12.2294277787278
-0.661,525090.18,12.715353777182
1.047,1067862.53,12.7464780907343
1.047,18500,0
0.926,1160262.71,13.0727843811887
0.926,1309.33,0
-0.576,114892.86,0
-0.359,942.25,0
-0.397,1208367.8,13.6700560813166
-0.397,1202666.25,13.7379774004007
-0.397,1029909.16,13.6735643052192
0.254,1812860.05,13.467319594499
0.254,1308269.37,13.1749577250549
0.254,1066997.59,13.0993014844676
-0.744,1125304.2,12.8183649136676
-0.744,1143415.71,13.0559589458715
-0.744,1611448.37,13.1784053360178
-0.718,674523.93,13.1097866205119
-0.718,739115.66,12.7635461403936
-0.718,772106.48,13.0280548957329
-0.551,1746928.76,13.4725569163434
-0.551,1410064.35,13.4528003670771
-0.551,1690309.28,13.5902660511879
-0.826,223076.95,11.3056210594715
-0.722,852387.49,13.5118820814211
-0.722,8354.55,8.69968140098951
-0.457,3643.2,7.31594999166117
1.075,1624077.68,13.9144813749079
1.075,1382857.92,13.8016288513706
1.075,1204602.87,13.6872148295839
-0.327,1150155.9,13.5389381968296
-0.845,1456415,11.1079752242951
-0.845,24750,0
1.108,1283756.61,12.835312572328
1.108,938582.34,12.9196374603092
1.108,408619.07,12.0196406524559
1.212,15269.13,0
1.212,7750,0
-0.824,858985.44,12.9193214773016
-0.824,1157846.24,13.0379405744369
-0.824,1381139.75,13.0834686910985
1.089,2659541.26,14.1331820195534
1.089,5078.23,0
0.797,125278.83,0
0.797,71135.09,0
1.334,944125.58,10.8911869022975
1.334,2600,0
1.14,3412780.12,14.5637452754112
1.14,1136845.16,13.6069913847296
1.14,13576.65,0
0.942,1917048.79,14.118168184943
0.942,1873975.79,14.193575486328
0.942,547847.29,12.9850786641619
0.883,2066087.83,14.0550279709528
0.343,1566499.52,13.5571490716806
0.343,2128409.65,14.1113425171846
0.343,1598321.69,13.9529289912485
0.553,1101627.89,13.2826565647748
0.553,1348295.36,13.3591367867516
0.553,1994556.82,13.7364904455952
0.955,716405.25,12.7864737710212
0.955,704722.91,12.6153864379424
0.955,675247.86,12.3975232389118
1.184,397339.26,12.4682484306981
1.183,1068815.87,12.9884631624875
1.183,938321.08,12.8343386329139
1.183,1017388.98,13.068236598805
0.647,1206799.03,13.5612968651605
0.647,3000,0
-0.658,554638.34,12.7369979113026
-0.658,498975.36,12.7603915726917
-0.658,227214.42,11.7235195602298
-0.399,870614.07,13.3370557337594
-0.399,858650.91,13.4092716505506
-0.399,823547.8,13.4105649948692
1.006,1696688.56,12.3870636508663
1.006,741773.11,12.4270177821006
1.198,372392,11.8775755229785
-0.794,1744502.64,12.9319061354913
-0.794,1062141.28,12.8124384226545
-0.794,1061859.25,12.6897369785258
1.292,1092128.93,13.0165651215078
1.292,1610236.12,13.4408848734995
1.292,1824829.15,13.685148640101
0.623,602.77,6.40319333071211
1.012,1649564.36,13.2537397195748
1.012,531665.54,12.2742031452815
1.012,692.03,0
-0.639,1003682.86,12.815025386894
-0.612,795483.37,13.2494316162749
-0.612,898537.95,13.3068625614461
-0.612,1091551.88,13.336669594255
-0.631,1185141.92,13.5605637003929
-0.631,1199958.13,13.6203284050804
-0.631,1511721.32,13.7205715822552
1.079,1247169.37,13.3228538748136
1.079,1175936.95,13.5335850049161
1.079,1441035.62,13.7682125559669
-0.511,3401860.25,13.4116074293308
-0.511,1517097.49,13.3752800769184
-0.511,1663502.31,13.486158423151
-0.656,1682794.42,13.4921707581799
-0.656,1455237.07,13.3348473406419
-0.656,797210.41,11.8639414270323
-0.802,1051538.17,13.2455557561482
-0.802,1026745.17,13.3257115996357
-0.802,1256204.07,13.4887276478405
0.142,4558.91,0
-0.636,372212.44,12.5973091386317
-0.636,517868.54,12.9943804492569
-0.636,552637.99,13.1123544952371
0.842,2107579.3,14.2803074556786
0.842,1982069.02,14.3156330207116
0.842,3207855.8,14.7292222509749
-0.695,1747775.66,13.6416469675162
-0.695,4476.5,0
-0.756,1068822.44,13.0168210452189
-0.756,874483.18,12.8302742749121
-0.756,933894.04,13.0625385931325
-0.897,2133195.59,13.5947925002608
-0.897,2148450.95,13.5777632768859
-0.565,2132.31,0
1.116,21374.02,6.21660610108486
1.116,12516.11,0
0.819,1517261.37,13.7725776495321
-0.419,2861094.88,13.9892493714974
-0.419,1765754.66,13.8161122369192
-0.419,1743985.39,13.7664035035904
-0.414,1458567.75,12.9692145289098
-0.82,2277999.7,13.6215173881206
-0.82,772240.38,12.3371052938919
-0.82,1650.58,0
-0.238,12282.05,6.62140565176413
-0.238,500,0
-0.044,2304496.01,14.0734510287927
-0.044,749237.62,13.2657205881801
-0.927,1497365.26,11.3415557175804
-0.927,23000.75,0
1.103,1312423.57,13.8317148070915
1.103,1287842.77,13.8572482930661
1.103,408923.48,12.8518687509352
1.134,1836551.52,13.8997854542034
1.134,2567778.88,14.0556550586751
1.134,2406308.5,14.0425313510527
0.949,1385893.57,13.9152954205173
0.949,2525941.55,14.2705435848552
0.949,4838388.89,14.9168121372466
-0.559,1187774.95,12.7756415931691
0.947,1375456.6,13.2711541241343
0.947,1315138.63,13.1834994354738
0.947,1416152.97,13.3815007487402
-0.084,592032.53,12.6533224845791
-0.084,496824.74,12.781283341161
-0.084,156910.71,10.8590182281479
0.047,1251706.94,13.2907420828315
0.047,140.89,0
-0.58,1145880,13.4942041367918
-0.58,1091661.32,13.4812971682264
-0.58,925645.11,13.3701620771925
-0.579,1979016.88,14.0716901056692
-0.579,2161647,14.2564769579256
-0.579,2112491.7,14.3284582964512
-0.357,421964.49,10.7144399907278
-1.037,3320070.72,13.9401183496805
-1.037,2282305.02,13.8236384370814
-1.037,71293.21,9.74102744483773
0.902,2258741.4,13.9136910961638
0.902,20831.37,8.01196189020656
-0.364,740896.78,13.2317389200432
-0.364,1017709.05,13.5908671324008
-0.364,990039.17,13.540153552203
-0.438,746273.09,12.7352027160566
-0.438,722246.43,12.7454886415957
-0.438,755407.09,12.8046371316042
-1.065,1167291.69,12.7720424893424
-1.065,1139240.19,12.6103570568902
-1.065,1328822.47,12.7081834049399
-0.568,1811426.04,13.8822918310026
-0.568,1871449.24,13.9786939851346
-0.568,2057128.82,14.0553114266419
0.876,8586011,12.6245339362215
-0.443,540770.26,12.7454137410499
-0.443,347168.21,12.4856003109917
-0.443,748105.98,13.227046403618
0.939,163181.88,6.47850964220857
0.939,35130.87,0
0.699,1271804.06,13.3962953540812
0.699,854934.45,13.0254630620042
0.699,5257.91,0
-0.487,2018561.37,13.9400237662271
-0.487,1880375.76,13.944277643028
-0.487,1624955,13.9299744558165
0.82,1200025.64,13.5534938151042
0.82,2466247.46,14.248445355598
0.82,1015933.11,13.5158874880633
-1.074,1350902.19,12.7759951364542
-1.074,1334600.16,12.8358978446679
-1.074,1376477.89,12.8455579393274
0.895,2909765.79,14.2107859804429
-0.632,909487.24,13.0636765019442
-0.632,870554.73,13.2308687886898
-0.632,759925.09,13.1670518076193
0.989,2036016.71,14.0397143470278
0.989,3106288.3,14.5461022116352
-0.412,21096571.08,15.0751960816173
-0.412,8614,0
-1.023,2084904.26,13.3401181311951
-0.424,2577592.02,14.3018914694101
-0.424,3113565.43,14.3455476166596
-0.424,3023443.91,14.3167457946296
-0.646,320965.13,9.51051903575725
0.644,1432.56,0
-0.709,456515.09,10.9937483981152
0.796,2736873.41,14.3170213995333
0.796,3498327.03,14.5223891349036
0.796,3315749.26,14.563223861112
-0.99,479535.18,11.4478641405282
-0.829,691.55,0
1.283,4994668.37,14.0369734978419
1.283,9368582.14,14.6510316146547
1.283,19852220.75,14.242243037101
-1.113,30179451.38,14.5822480588622
-0.289,1046528.46,13.3522285280709
-0.289,208284.5,10.403080323369
-0.057,447279.1,12.7833908175786
-0.433,2405515.27,14.4490154247103
-0.433,2206265.68,14.4039582154738
-0.433,2183228.43,14.3955802848559
-0.25,1012294.96,13.621866341104
-0.25,1001293.94,13.6091666491052
-0.25,1804288.75,14.0643876940156
-0.321,779237.22,13.1586889806915
-0.321,560055.56,12.8925020623575
-0.321,383489.59,12.5969395159817
-0.664,451466.32,12.4867967171404
-0.664,511673.95,12.8428901863691
-0.664,771224.07,13.2613441451768
0.975,1606587.55,13.7831932748102
0.975,2175310.22,14.0587589262049
0.975,1794187.63,13.8217757406556
1.099,4748.37,0
0.918,1400551.28,13.0844694045418
0.918,259263.54,10.9059743291069
1.087,589851.01,12.6753241795232
1.087,1086181.46,13.2999760313639
1.087,191435.43,0
1.224,15075,0
1.197,1035717.36,13.1657746823651
1.197,1098795.1,13.3696993889365
1.197,1404260.12,13.6277051925391
1.415,14020.88,0
1.351,904753.18,13.0388716537072
1.351,614615.19,12.5786735947192
1.351,476225.18,12.4685684782653
0.057,9922.85,0
-0.373,1205399.57,13.4530624527818
-0.373,1511862.55,13.8888319000914
-0.373,1630079.97,14.0490764079452
1.251,23071.03,0
1.033,1339445.93,13.2281425294217
1.033,907123.79,13.0884954389568
1.033,669501.96,12.9177986656478
0.03,42780,9.40927319457533
0.03,500,0
1.136,477.27,0
1.136,300,0
1.095,1619346.36,13.1905253010831
1.095,775338.17,12.8698195937757
1.114,8900,8.5173931714189
0.044,1270.47,5.52545293913178
-0.856,730.71,0
-0.645,5940,0
-0.882,450,0
0.949,932788.07,12.9791879155952
0.949,970069.13,13.1955951772598
0.949,931782.13,13.254836315063
0.809,5450,6.39859493453521
1.224,418028.11,9.53791600808964
-0.178,110570,9.49182830026464
-0.178,59833.2,8.77971129020447
1.27,1150701.15,12.9610755486145
1.27,489817.48,12.3395146591605
1.27,707653.4,12.5824914650392
1.22,1385768.58,12.9177710579725
-0.832,8937,8.69968140098951
-0.393,13500,0
1.205,1196196.62,12.9083866570181
1.205,701732.46,0
1.106,2524.99,0
1.056,2179350.16,12.9834654506601
1.23,30191,0
1.23,28075.9,8.29429960885724
1.359,490.07,0
1.205,1625,0
1.362,1084859.09,12.7214193736841
1.337,4200,0
1.247,1477836.14,12.9774555174773
1.247,8836.15,5.30330490805908
-0.814,334068.61,11.0157232858945
-0.814,1928.95,0
-0.814,288494.78,0
1.975,14078.21,0
-1.09,192675.52,9.2351305407834
-0.928,3664781.6,13.4633839546244
-0.928,4400563.34,14.1824236834024
-0.928,4172935.83,14.1565024370255
-0.227,513.75,0
1.785,3590.25,0
1.138,268634.36,0
1.447,47472.86,0
1.433,531463.04,0
1.433,623935.44,7.86365126544865
-0.306,42447.31,8.6312466140377
-0.781,430.28,0
-0.781,561969.88,12.7094119163547
-0.781,629490.86,12.6189469046318
1.103,5000,0
0.996,63729.6,0
0.996,65366.84,5.29330482472449
1.082,658540.68,8.77199043653224
1.484,22401,0
-0.869,28170.12,8.00670084544037
-0.869,18633.69,6.90875477931522
-0.869,3107.31,0
0.731,10780.28,0
1.222,177930.81,0
-0.464,123904.84,10.8693593738111
-0.464,22806.59,0
-1.409,2139,0
0.889,2756588.82,13.9703189671544
0.889,2762283.99,14.138929621392
0.889,3345326.67,14.5352496974334
1.146,1812.6,0
0.848,5500,0
1.103,14908.15,0
-1.064,1.48,0
1.548,48913.93,0
0.994,32241.3,0
0.994,10216.06,0
1.166,4383.94,0
1.282,9600,0
1.283,3055,0
1.382,9634,0
-0.905,692988.53,13.0013234011704
-0.905,1045813.42,13.0406130459041
-0.905,648452.4,12.8333343982809
1.419,38241.83,0
1.465,1939,0
1.111,675508,7.82444593087762
-0.875,23545.17,6.21660610108486
1.362,17898,0
0.284,33171,0
1.238,114985.18,8.5173931714189
1.344,2062.25,0
1.308,4785.9,0
1.271,2320196.2,13.9072578618939
1.271,24604472.6,15.3954325292383
1.271,711316,12.770670289104
1.297,4656.1,6.21660610108486
1.111,33800,0
1.111,46650,0
1.511,33376.51,0
1.511,27.45,0
0.172,60,0
1.105,600,0
1.009,1292506.9,10.4223111074132
1.113,805815.75,10.225897085507
1.195,2057788.98,0
1.195,2049040.44,10.1849377471114
1.195,113208.76,6.59030104819669
0.816,300,0
-0.693,332288.34,12.092349482427
-0.693,442559.35,12.5510833256714
-0.693,385250,12.4008208375406
1.287,5390,0
0.617,4659.41,0
-0.621,1526892.72,13.6604646358605
-0.621,1165083.62,13.6444324797059
-0.621,286362.67,12.3295534182102
1.116,17364.07,0
1.116,21942.95,5.42053499927229
1.116,24348,0
1.258,17175,0
1.127,19665,0
-0.231,744994.65,12.422981964337
-0.231,30,0
-0.231,444464.07,11.7440451224101
1.182,1823957.33,13.3816611295406
1.182,2941798.27,14.1262700807973
0.461,6522,0
1.077,19941,0
1.187,3000,0
1.866,357,0
0.907,600550.58,12.7358340798388
0.907,330970.5,12.2635479841442
0.907,55313.79,10.7194274216829
1.445,5244,0
-0.809,281008.53,11.1283212475294
1.148,1534724.86,13.1449542902874
1.148,1002776.6,12.8902284747691
1.148,875287.5,12.3298421707912
0.923,883780.3,13.2307245844812
0.923,1298800.35,13.7731155978153
0.923,1220745.57,13.7441316170765
-1.007,5524.99,0
-1.058,86285.54,8.98732181285012
-1.003,27534.04,7.83241092718792
-0.604,529492.5,12.7578031403821
-0.604,403132.9,12.6869574841084
-0.604,488779.75,12.8547075150954
-0.379,554154.78,8.5173931714189
-0.316,1264258.45,12.8131800678352
-0.316,1065501,12.858009735437
-0.316,1514747.39,12.9353130576133
1.318,2057971.22,11.0752108880216
1.318,4330.98,0
-1.868,223743.46,0
1.397,2102.4,0
0.98,165569,10.2399597891573
0.942,1000863.56,12.9372249690064
0.942,8627.95,8.8538082749772
0.942,180743.11,10.4842873661387
0.965,321556.82,9.7981825908907
-1.058,36549.37,0
-1.058,27543.84,6.90875477931522
0.678,609503.18,11.9806476186286
1.377,20805,0
1.24,1532.29,0
1.511,952162.29,11.8772282428727
1.511,494549.33,12.2179036325829
1.174,407300.43,12.4667084940701
1.174,494448.88,12.687544636006
1.174,663565.45,12.9881306188802
1.005,6257.48,0
1.556,30696.84,0
1.234,1114640.95,13.1628245324298
1.234,956177.9,13.2703846823626
1.234,996674.31,13.42164282952
1.325,1179676.68,13.194417324349
1.325,969539.27,13.1257596036934
1.325,1368637.9,13.6030917900127
1.001,1538.91,0
1.567,500,0
1.988,48190,0
1.988,78602,0
1.988,153750,0
0.622,693739.93,11.3293678245396
0.622,1065057.79,11.7941559455871
-0.28,12052.3,0
1.339,1079677.28,12.2509073782368
1.513,88918.12,0
1.513,207921.1,0
1.321,30594.73,9.90353755128617
1.284,107037,6.90875477931522
-1.197,12489.9,0
-0.873,2124.4,0
1.3,830195.57,12.731495312194
1.3,544737.29,12.2800245340749
1.3,508140.31,12.2961464119483
1.713,18334,0
1.563,3974,0
-0.772,15025,0
0.327,2011080.18,13.3886607125837
0.823,4569885.11,14.1383526751071
0.823,3732448.13,13.5885990794196
0.823,5488206.47,14.6415559225895
0.63,2034418.97,13.8092164012533
0.63,1944119.16,13.9534120664572
0.63,1835619.81,13.9687568975706
0.699,52476.94,0
0.981,5464.71,0
1.013,1362709.72,13.3232592747794
1.013,1182737.75,13.5822672882641
1.013,1183161.68,13.6743889581738
0.348,21630,0
1.205,2601501.69,13.8151176307785
1.205,1153678.18,12.6078494267823
1.272,1147524.09,12.6630258623817
1.272,1280876.37,13.3747700756079
1.272,1945850.71,13.9232257402175
1.327,1878410.35,13.2843859807527
1.327,2055614.41,13.6824307776333
1.327,1898007.35,13.6885923244061
1.38,960106.76,12.9317837927644
1.38,1377396.66,13.5010125576161
1.38,4919024,13.4276029115944
1.16,1321277.75,13.1054226908461
1.16,1537040.32,13.1281219648666
1.16,1441198.76,13.1753782999393
1.153,2800,0
1.454,4470.29,0
1.32,102208.68,8.65712903171375
1.147,1371506.76,13.3432141743649
1.147,1125592.56,13.1900951633904
1.147,994854.35,13.3830739676136
1.68,43127,0
1.156,1819056.96,12.8075045668089
1.156,2156588.92,13.5766187512692
1.156,21396717.06,15.3099610982306
1.528,138199.42,0
1.144,15793.54,0
1.227,202.5,0
1.227,1873.03,0
1.227,625,0
1.086,1723479.92,13.2286291252159
1.086,2149036.16,13.7074108385554
1.086,3255822.98,14.345151892773
1.333,1924284.53,13.5334804828408
1.333,2518799.29,14.0586794255031
1.333,1464958.57,13.7176758191408
-0.799,1000,0
1.087,51614.38,8.5173931714189
1.871,7000,0
1.871,14775,0
-1.007,95928.36,6.90875477931522
1.036,2221934.6,12.9861657592717
1.036,2748741.62,13.9266194778425
1.036,2592303.48,13.9440575867602
-0.228,1194.88,0
1.182,2309957.83,12.7373645586729
0.99,16772,0
-0.013,2808.07,0
1.414,908.38,0
1.019,1745,0
1.235,7327.33,0
-0.386,19491.99,8.26898820950666
1.186,1074704.7,10.5188623629215
1.186,3302.2,0
0.854,248685.93,7.86365126544865
1.204,88293.82,0
1.178,58548.83,5.80211837537706
1.202,1643.38,0
1.032,4724.54,0
0.699,3318.78,0
-0.64,1061105.28,13.1980884698853
-0.64,1185655.89,13.3593680341974
-0.64,1200514.28,13.2932509142226
-0.775,850,0
0.01,5036.3,5.30330490805908
0.66,48,0
1.261,1961.52,0
1.372,15180,0
0.966,10884,0
1.218,2224860.19,13.9207694124548
1.218,2114648.35,13.8529938299481
1.218,658337.62,12.8400031189465
-0.752,1497727.24,13.154075200039
-0.752,43.99,0
1.159,1066724.18,13.3681414795861
1.159,1277352.51,13.4722145583387
1.159,1201720.31,13.5435798193512
1.382,31493.59,7.60140233458373
-0.05,3650,0
1.062,1361048.44,12.1256811270292
1.062,1805117.17,11.7340750296137
1.062,688107.52,10.4968420217417
1.138,1750,0
1.393,142146.96,9.74102744483773
-1.028,59310.76,8.53108031736804
0.898,2400,0
1.317,743363.93,7.60140233458373
1.383,54076.52,0
-0.352,730170.17,12.4384115100702
-0.352,235928.27,10.1658902778025
-0.352,1075.9,6.90875477931522
1.521,640214.5,9.58884529850156
1.393,240931.12,0
1.393,368847.14,9.61587214452889
1.481,135,0
-1.088,4492.54,0
-1.097,45006,0
1.651,53944.13,0
1.651,1565.49,0
-1.051,1295078.9,10.5459457297721
-1.051,67074.25,0
1.47,617019.84,9.55044884660634
1.47,144495.7,7.60140233458373
1.312,2374759.79,13.5522624630337
1.312,21044.99,0
1.279,12422,0
1.209,484935.3,8.78737298873188
1.355,1510603.33,13.2110778166931
1.355,932704.98,12.7051906214656
1.355,928062.53,12.9563801482616
-1.577,27474.75,0
-1.133,64995,0
0.869,19400,7.60140233458373
1.235,924151.95,12.8856977130106
1.235,1199797.11,13.3118535779626
1.235,1468339.43,13.7473523523326
1.37,16146,0
1.665,44062.35,0
1.328,1470455.3,13.1660069874209
1.328,1020948.01,13.1261697838389
1.328,25558.24,0
1.544,112485.32,0
1.544,107933.48,6.90875477931522
1.011,6770,0
1.011,5530,0
1.348,18213.35,0
1.191,926893.14,12.9230258750674
1.191,969254.4,13.153867509565
1.191,782618.1,13.1971015794929
-0.625,25090.02,0
1.117,1086869.93,13.299714669538
1.117,1844808.72,14.075241828374
1.117,1393532.73,13.9022468321166
1.433,55499.95,7.31388683163346
1.433,28780.89,6.90875477931522
1.235,45296.7,0
1.236,113129.32,0
1.335,457522.43,10.4237980523133
0.835,13895,0
0.835,2865,0
1.3,614108.94,5.01727983681492
1.3,239410.86,0
1.207,2763.35,0
1.207,298.89,0
-0.728,827.7,0
1.266,826744.13,10.1064692120264
1.417,398813.53,0
1.475,140242.08,0
1.497,26500.91,6.21660610108486
1.063,1295,0
1.063,2900,0
1.289,291020.11,11.759617950734
1.305,1325478.8,12.716050910389
1.305,1492880.34,13.1912399754651
1.305,1408240.58,13.6779722913885
1.1,1903770.27,13.6772915786092
1.1,1245868.72,13.1944713465991
1.1,1540561.73,13.5723264800581
0.804,318115.22,8.92279162396964
-1.004,3161003.98,13.2270059293879
-1.004,3665168.06,13.9199474892493
-1.004,3221019.51,13.9891424268774
1.132,225,0
0.65,2080014.07,13.9051657145867
0.65,417138.72,12.4849757705413
-0.224,74550.14,0
-1.013,195,0
1.26,576289.12,9.65509029374725
1.26,40911.81,0
0.714,5000,6.90875477931522
0.714,5000,8.5173931714189
1.381,131836.47,0
1.381,115683.51,0
-0.895,173519.3,7.00397413672268
0.631,450,0
1.103,2000,0
1.289,5871.24,0
1.402,1000,0
1.777,7617,8.04012466444838
-0.564,275,0
1.063,2423277.15,13.8734069627552
1.063,2484963.91,13.8921966816844
1.063,913833.7,12.9418077005263
0.775,5000,0
0.639,2284790.29,12.6214715497013
0.639,11826.26,0
0.118,354652.43,0
0.118,2800905,0
0.988,286447.5,8.89576660405609
0.988,119914.4,8.5173931714189
0.957,177581.55,6.39859493453521
0.957,236312.6,8.46611040118692
0.957,24576.52,0
0.802,154905.76,6.74641212857337
0.802,17815.88,5.99396142730657
-1.076,10575,0
0.528,2263993.57,13.9833692127203
0.528,2000574.11,13.7569357544591
0.528,31588.49,0
-0.703,22790.42,0
-1.084,93692,0
0.967,5200,0
0.967,989,0
0.268,4086.79,0
0.857,245059.69,4.61512051684126
0.762,3319063.02,14.1812840047071
0.762,3450807.89,12.6954100421745
0.762,20981.07,0
1.492,1044.01,0
0.799,2187704.7,13.908827680221
0.799,3173356.95,14.2069647026654
0.799,15,0
0.452,2449689.69,12.1095628464703
0.452,784523.6,8.41205487329293
1.36,17421.05,9.35018926709258
1.106,2021185.47,13.60705867857
1.106,7957.1,0
1.241,5146.84,0
0.629,2107794.45,13.9374236930064
0.629,3441589.97,14.4524382725582
0.629,3120505.54,14.429117779035
1.801,257.58,0
0.972,2042739.19,13.7894073236648
0.972,2233991.61,13.9979104533563
0.972,1700076.35,13.8988870868904
-0.693,18643.97,0
1.037,22846.56,0
1.084,3250,0
1.152,3371437.93,14.2530448486515
1.152,2060080.85,13.962985582246
1.152,2107393.77,14.151567915678
0.939,1550088.19,13.6114180525601
0.939,1131855.39,13.4701346389423
0.939,899319.05,13.3440999874407
1.764,15752.26,0
1.079,6271.9,0
1.132,1155958.56,12.8040182828846
1.132,8555574,14.5310946381743
1.132,3041818,13.9280773459584
0.244,84671,0
-0.131,15411.73,0
-1.041,151632.72,4.61512051684126
-1.041,113970.11,0
0.919,1243772.07,11.969439834359
-1.046,34471.22,0
1.44,1217007.64,9.74981175993208
1.44,610712.93,0
1.44,66352.04,0
1.083,33207.22,7.9728107841214
1.006,1146861.9,13.1823597548578
1.006,1648321.46,13.8366830798596
1.49,15499.85,0
1.006,1823035.97,13.9320001085405
1.161,2002960.36,13.0793013759407
1.161,2322565.81,13.6229674385371
1.161,1756636.42,13.2583704529953
0.818,1796442.62,13.6954056200279
0.818,2484857.41,14.2038973923527
-0.934,1333552.43,12.2647023376204
-0.934,947826.52,12.3632591126886
-0.934,3439.9,0
-0.833,57917.67,0
0.775,1451722,9.70393845007555
0.52,2614863.09,14.0315773117111
0.52,1995783.36,13.9461559927156
0.52,2436664.37,14.2556366468644
1.794,2142.28,0
1,827493,12.8933175669775
1,1044877.76,13.1628811720605
1,1101958.12,13.2426426193882
1.165,10770.56,7.31388683163346
-0.342,2704390.08,14.0520477329119
-0.342,43174.98,0
1.279,539202.58,9.47278155656217
1.255,733.5,0
0.91,277269.19,10.5050949364556
0.989,41202.38,7.31388683163346
-0.825,2405552.72,13.3781404399707
-0.825,1388448.19,12.8032621867291
-0.825,1523477.59,12.9626546133375
-0.571,467518.94,6.00635315960173
1.157,385079.5,10.5173479896096
1.157,11.55,0
-0.846,29999,0
1.311,1680566.7,13.512667834753
1.311,1284.85,0
1.273,171,0
1.319,698727.84,12.9806871800116
1.319,612928.1,12.781283341161
1.319,618229.2,12.7665480638775
0.923,3355,8.00670084544037
1.772,1495,0
1.341,728767.38,12.9882708445129
1.341,670748.36,12.9797852432811
1.341,1902503.31,12.6214913848161
1.286,798055.27,12.9283524452956
1.286,1167623.01,13.4634817326529
1.286,1271154.29,13.4364746317855
1.407,2811273.74,13.7891522088047
1.407,2352657.33,13.617854802998
1.407,2346017.66,13.9698509340838
1.105,1412229.34,13.2293439201094
1.105,1591286,13.4686223529976
1.105,1647860.81,13.3904440107202
1.262,15610,0
1.322,1260459.29,13.073549805961
-1.056,16219.62,7.13169851046691
1.322,658971.03,11.8977268751673
1.322,607723.43,12.2044162745048
1.455,24491.29,0
1.455,83429.12,6.90875477931522
1.2,635,0
1.414,351698.68,0
1.118,4500,7.60140233458373
1.118,1567371.57,12.3657309874458
1.145,3511129.66,13.9796102164514
1.145,1334513.11,13.7216623319845
1.145,1818177.58,13.9034295446183
-0.836,1135,0
1.202,2251745.71,13.6951339970268
1.202,1723988.37,13.6135552176992
1.202,521477.03,13.0545148509048
-0.496,4682.76,0
1.03,1593376.23,8.16080392095467
1.395,38415.34,9.40063009841931
1.395,44380,7.24494154633701
-1.044,5090.77,6.30808022640739
0.521,10764.59,0
1.243,112205,0
1.243,112558.91,0
1.243,122374.95,0
-1.068,50,0
-1.068,13027.59,0
-1.068,3245.23,0
-1.166,15450,0
-1.166,9998,0
1.557,3788.47,0
1.89,36070,0
-0.723,80216.5,8.10198073185319
1.88,28867.4,0
1.178,670,0
1.216,1603548.91,13.1731954364392
1.216,1491750.19,13.3786202140606
1.216,1735450.88,13.9193582258448
-0.175,40303.33,8.54694614956558
-0.175,222.9,3.36384159511839
1.145,1515959.08,12.5999744893738
1.145,4184833.18,14.3850857120727
1.183,35583.03,0
1.399,43427.59,0
1.416,86589.14,0
1.416,44,0
1.241,1153511.4,13.0439046961649
1.241,1127460.21,12.9881810072256
1.241,1103979,13.1352159678723
1.368,6250,0
-0.798,500,0
-1.011,2439.77,0
1.072,2451268.28,13.3691158401706
1.072,1764606.05,13.2877927105656
1.072,719073.67,12.0654072952049
1.183,13500,0
1.252,2340,0
1.226,0.85,0
1.043,2051306.26,13.7182400519755
1.043,1307800.43,13.4430102654315
1.043,469685.84,12.7015338386189
1.403,420,0
1.665,525515.04,0
0.844,6788.24,0
-1.042,813.55,0
1.276,233659,9.25922576970599
1.105,1399362.81,13.3878120034115
1.105,921871.49,13.2623587534013
1.105,836461.12,13.2168641388089
-0.311,550386.26,0
1.197,14212,0
0.815,18935,8.5173931714189
0.815,2500,7.31388683163346
0.815,1000,0
1.332,1200,0
1.443,54103.4,8.5173931714189
1.111,26,0
1.303,1214379.94,12.2091915267597
-0.762,2054753.65,13.5673760170497
-0.762,1899667.81,13.8028271323078
-0.762,1578753.62,13.5908045366293
1.038,1658722.02,13.1752064602491
1.038,1744491.35,13.2576352195675
1.038,1401198.72,12.9931677147607
-0.004,490342.38,10.8454655241463
-1.08,31765.45,8.67436786578824
1.395,190693,0
-0.947,4425725.62,12.9445820740433
-0.947,2382341.58,13.9746948251508
-1.103,106626.67,0
-0.947,2027435.85,13.6973765294671
-1.161,48644.14,0
1.329,258308.78,7.82444593087762
1.544,91144.09,5.52545293913178
1.901,40052.19,6.39859493453521
1.901,21135.9,0
-1.165,7408,0
1.352,2647209.9,13.9793303070293
1.352,2539782.95,13.9734111011149
1.352,2339393.44,13.9808122449983
1.346,2324473.44,13.9096737074535
1.346,1703029.49,13.5674360981695
1.346,594228.36,12.8298724274801
0.606,2136064.83,13.706790873277
0.606,1566913.73,13.6262934051004
0.606,1147964.04,13.5839164132533
0.457,96351.8,9.47278155656217
1.825,7875,0
0.974,979.45,0
-0.609,43184.98,0
-0.609,60679.5,0
-0.808,19660,6.90875477931522
-1.866,16694,0
1.269,7877,0
1.478,238644.85,0
1.478,284899.73,0
1.279,39833.9,0
0.053,13561,9.11184512522708
-0.882,56141.98,9.278092474027
-0.882,475.97,0
1.276,40298.87,0
1.234,152595,7.60140233458373
1.234,48130,8.5173931714189
-0.5,50326,9.90353755128617
1.582,5966,0
-0.136,414291.49,11.0186455364637
-1.135,48839.8,7.49609734517596
-0.394,372375.1,11.5583862834902
-0.394,5520.6,0
-0.581,251260.14,8.43402895015547
1.172,7.28,0
-1.057,42676,8.76201995356159
-1.057,510,0
1.28,2213217.51,13.0535352851977
1.28,27823380.12,15.1255545883336
1.28,1170418,12.4674787588097
1.273,162208.96,0
-0.251,100330,10.0647982524184
0.529,48630,5.52545293913178
1.896,19000,0
-0.013,316855.63,8.8538082749772
-0.013,3100,0
-1.006,114394.5,7.69200379457235
-1.006,1381.18,0
-1.006,2669.95,0
1.144,43506.1,0
1.493,155264.95,0
-1.103,78044.72,0
-0.76,26825,0
-0.238,107700,0
0.144,81405.64,9.35018926709258
0.144,2680.25,0
0.085,213990.88,9.47278155656217
1.237,438338.3,8.92279162396964
1.46,331965.6,7.82444593087762
-1.064,40585.84,0
-1.064,36043.62,5.52545293913178
-0.996,6335,0
-0.996,10694.63,0
-0.996,6470.77,0
1.173,36256.4,0
1.044,788770.77,11.5129354649202
1.133,465171.5,6.21660610108486
-1.271,25850.51,0
1.47,242485.39,9.68040649926887
1.47,93433.06,9.17740387172992
1.109,338027.62,7.11151211649616
-0.87,228097.95,6.90875477931522
-0.715,12195,0
-0.944,2776638.85,13.6991084184318
-0.944,4029500.96,14.1001192173168
-0.944,3736.57,0
1.482,1472329.88,12.6265281671899
1.482,4941801.69,13.2355599111226
1.482,7878156.18,14.1779857817095
1.846,7321,0
-0.482,2167384.11,12.8248206884749
-0.482,3718524.89,14.1375989484258
-0.482,4402181.31,14.4374758979917
-0.811,282797.48,9.99657663115679
1.436,249543.44,0
1.436,1378441.1,12.1104111640266
1.436,498297.01,7.82444593087762
-0.823,1137484.65,10.5966597327836
0.702,278284.92,9.21044036697652
1.282,75749,9.30574145673943
0.628,89245.22,0
-1.088,10985.55,0
-1.088,45981.77,0
-0.704,1213336.82,13.1213012335292
-0.704,823270.27,13.0238694327952
-0.704,730648.41,12.9867823886491
-0.985,2155827.82,13.1345086639155
-0.985,3590149.32,13.9091036189089
-0.985,3397538.71,13.8658260534623
0.842,269865.26,10.04477007737
-0.797,1140778.99,8.69968140098951
-0.797,110632.19,0
-1.146,10451,0
-0.802,62585.47,0
-0.314,18570,0
0.992,872995.42,12.715984792203
0.992,732867.64,12.8030095688376
0.992,800277.02,12.8931438798565
1.114,1237746.49,12.7015105939413
1.114,3496.27,0
-1.355,7204.96,0
-1.147,57406.58,7.31388683163346
1.328,14777,0
-0.933,1449511.65,12.90774642114
-0.933,1083412.43,12.8816270517692
-0.933,973816.67,12.9226616079373
-1.114,812156.33,10.4503413950175
-0.987,202302.01,9.5493807367031
-1.067,17836,0
1.503,28906.67,0
1.503,20944.99,0
0.496,211584.86,8.69968140098951
0.39,249333.83,8.96520680277036
0.39,3640.85,6.90875477931522
0.339,610014.28,12.4038532596367
0.339,813372.96,13.0279976194932
0.339,944657.62,13.3110681679443
0.107,23601,0
0.614,37895,6.21660610108486
1.701,94584.86,0
-0.76,1758386.78,13.0785336349752
-0.76,135.29,0
-0.591,69563.25,0
-0.591,2000,6.90875477931522
0.723,2977717.26,12.9159540250813
0.723,44337.97,0
0.64,77045.65,8.69968140098951
1.394,32716.61,8.00670084544037
-0.738,176014.74,9.68040649926887
-0.738,225182.31,11.0145388219727
-0.844,826186.24,11.7336741508822
-0.844,2040208.3,13.6087546428294
-0.844,1986833.43,13.5963258724895
-0.49,2950,0
0.959,706128.67,9.35018926709258
1.167,52748.95,0
1.167,343951.55,9.39274525863144
1.167,547428.08,10.2146786105388
0.963,69532,7.46794233228585
0.658,69718.8,0
0.658,10366.74,0
0.97,13600,0
1.086,1315897.19,13.2612567513788
1.086,2685195.54,14.0706512334828
1.086,2783958.76,14.2346591980685
1.162,30605.53,0
-0.372,346980.01,10.8887659558837
-0.372,14807.97,7.82444593087762
-0.742,399219.45,11.2542972129092
-0.742,9293.59,0
0.861,2702469.8,12.8695627195169
1.171,230607.4,7.60140233458373
1.171,494078.69,9.43914785291483
1.171,304564.29,0
-0.914,49557.94,7.28000825288419
-1.05,95516.14,5.52545293913178
-0.253,109014.22,0
-0.488,374126.89,10.656174060311
-0.488,647552.94,11.5761628587586
0.986,31753.7,0
-0.976,306832.22,6.90875477931522
-0.788,240592.02,0
1.011,2482625.55,13.6560034178838
1.011,1931068.12,13.2592533736003
1.011,6249.08,0
-0.234,23708,7.60140233458373
1.331,204289.12,9.15915233520675
1.331,176341.24,8.41205487329293
1.331,201166.01,8.55275336681479
1.077,92321.18,0
1.077,84428.11,0
0.97,12875,0
-0.467,844097.25,12.8540943138737
-0.467,1013135.91,13.034210316214
-0.467,1705480.77,13.8265897563571
1.416,8848,0
0.851,9479.94,0
0.851,805,0
-1.127,26548.66,0
-0.22,160285.52,0
-0.781,461843.28,11.7999898466904
-0.781,2234755.55,13.4450892354342
-0.781,2954535.72,13.932525316349
0.407,387524.29,9.83091685970129
0.407,10166.7,0
-0.644,37000,8.5173931714189
-0.528,63362.42,0
-1.614,150474.56,0
-1.614,421426.55,0
0.785,9825573.59,0
0.785,79585.07,0
-1.591,13392,0
-0.229,176110,9.75562539179374
-0.229,1881384.39,13.5076078596671
-0.527,352549.74,11.1493060352392
-0.527,140642.05,11.5478195239475
-0.915,486914.96,10.4073187723892
0.438,73068.48,0
0.135,170452.52,7.46794233228585
0.418,76032.5,0
0.382,40706.58,0
1.238,1470660.56,10.3874865382984
2.093,11081.39,0
1.068,214989.13,0
-0.651,269719.04,7.60140233458373
-0.828,1976758,13.0579859952832
-0.828,3409976.53,13.9461432772415
-0.828,3219813.81,13.9003585448455
0.034,86845.86,10.4414710403444
-0.588,5969,0
-0.588,100,0
1.477,23313,0
1.477,7069,0
-0.944,793548.61,10.8202581692471
-0.944,143322.91,0
1.072,118844.1,0
0.894,62119.93,0
-1.284,81716.4,0
-0.922,1461798.23,13.0575494690178
-0.922,1328194.23,12.7328971420701
-0.922,1075393.13,12.6807559330749
0.764,1396014.74,12.8159767945053
-0.88,4204,0
-0.88,5397.72,0
0.951,133602.07,8.61268517287546
0.951,8223.2,0
0.945,17036.84,6.90875477931522
0.945,9687.12,5.39412742139401
1.613,6905,0
0.846,1439650.91,12.5422973872413
0.857,501161.4,5.52545293913178
-0.134,754719.23,7.9728107841214
-0.134,2219.46,6.57988989689637
-1.214,158255.49,7.40913644392013
-1.214,40303.49,6.90875477931522
-1.074,136167.65,8.41183267575841
-1.377,30281.68,0
-0.115,1075806.23,13.3524444086594
-0.115,760893.28,13.2859401092319
-0.115,1138131.37,13.5705699167349
-1.004,77654.48,6.90875477931522
1.641,623891,0
-0.86,40745.46,8.5173931714189
-0.462,332103.85,10.4618488396286
-1.196,30469.21,0
-1.196,536,0
-1.084,414377.88,10.4288915929068
1.437,112262.16,8.5173931714189
-0.834,4381438.01,12.6879454009396
-0.834,4544000.52,14.1830391642334
-0.834,3604614.7,14.2385891866036
0.665,60142,0
1.072,17911.26,0
-0.626,578686.56,0
-0.626,2500,0
-0.626,1001000,0
1.449,18183.17,5.70711026474888
0.927,312904.14,6.21660610108486
0.927,5470.21,0
1.507,282435.86,8.5173931714189
-0.937,1953913.33,13.022283560946
1.137,36859,0
1.137,11072,0
-0.977,905776.2,11.9086836126083
-0.292,240278.65,9.39274525863144
-0.292,31776.42,0
1.434,872100.82,0
-0.974,1711957.76,13.0482975674387
-1.195,100389.74,0
1.243,4839422.43,11.913196373215
-0.062,540724.78,0
0.855,7225,0
0.987,69700,8.11701408773731
0.987,1200,7.09090982207998
1.24,32290.76,6.62140565176413
1.24,18490.31,6.24709464945649
0.988,139426.87,7.28000825288419
0.874,123851.08,9.79428633749236
0.874,4933.2,0
0.847,369032,6.90875477931522
0.733,71135.91,0
0.873,1723820.04,10.8566961557498
0.873,28444.98,0
-0.575,2327764.41,11.2644769261024
-0.575,33025.3,9.5819728915479
-0.575,27210,8.5173931714189
-0.895,3326549.65,12.8852803210514
-0.895,2952364.85,13.8320854326475
-0.895,1989108.93,13.3691529684767
0.299,1596206.97,10.7254895827195
0.299,44663,0
0.539,302983.26,8.69968140098951
-1.095,122183.6,6.50478206352895
-0.954,1265586.18,12.5402414455628
-0.954,36928.81,7.76259604854007
-0.954,24355,5.99396142730657
1.074,60755.21,8.28172399041139
0.561,1578507.74,12.4493960078998
0.975,25550,0
0.93,212168.22,8.7579408766788
0.93,7668.22,6.90875477931522
1.023,957487,8.98732181285012
1.023,331815.84,0
1.34,1155958.58,12.3745530202502
1.34,1111122.11,13.0369710526783
1.34,4928629.93,13.1480533071427
-1.121,22769,0
-1.121,22587.07,3.04452243772342
1.291,15251.35,0
-1.043,119645.99,0
-0.417,19051.34,0
0.306,348756.14,11.0349057929294
0.608,16475,0
-1.128,15058,0
0.458,56998.19,0
2.177,30309,0
1.189,683946.72,12.0293706692745
1.189,810245.82,12.4261255858225
1.189,833701.83,12.1567290282338
0.908,310189.06,8.69968140098951
0.908,10602.64,0
1.216,101841.95,5.52545293913178
0.791,302009.21,9.8676391068917
0.926,301661,8.5173931714189
0.926,15397.95,0
1.036,90967.96,0
-0.851,33063.89,0
-0.834,12808,7.82444593087762
-0.891,1961473.62,13.055619375314
-0.891,687.65,0
-0.891,165168.08,9.92822894442457
-0.958,18606.54,8.5173931714189
0.965,223223.64,10.5966597327836
2.419,43636.43,0
-0.82,530794.21,11.7320690269832
-0.82,297059.62,10.1849377471114
0.649,2500,0
1.082,180224.94,0
0.323,32375.7,0
-0.878,300,0
-0.878,70872.65,0
-0.899,1447610.84,12.7041199735169
-0.569,38587,0
-0.618,3533915.3,12.9379543152865
-0.618,1383775.21,12.9031884158102
-0.618,1644081.84,13.2542682729994
0.297,7275.25,0
0.971,79470,6.90875477931522
0.843,596007.19,10.1266711030504
0.766,208111.05,0
1.455,162815.9,8.41205487329293
1.145,1068123.35,12.2347864306511
1.145,364260.03,12.3927548890279
2.263,101263.44,0
2.263,76481.53,0
-0.641,46326.28,0
2.073,14220.92,0
0.03,91684.38,5.70711026474888
1.736,29114.72,0
1.413,614104.54,9.15915233520675
1.413,870734.22,0
1.413,133871.33,0
1.372,635107.17,0
1.419,28742.37,0
1.177,106205.64,8.16080392095467
1.177,14511.61,0
1.684,161228.02,0
0.032,11260,0
-1.214,1849.31,0
-0.683,4752053.86,13.1086398389482
-0.683,5189800.95,14.2149508398676
-0.683,37400196.94,15.2324134129251
1,3374760.95,12.9182280202608
-0.014,491004.03,10.7342421823037
-0.365,201603.99,10.645806491116
-0.744,591571.7,9.30574145673943
-0.654,16217,0
1.262,99649.88,7.13169851046691
-1.071,14132.5,6.90875477931522
-1.071,1250,0
-1.071,500,0
-1.117,25861,0
-1.012,112772.06,0
1.428,169482.39,0
1.428,14994.68,6.68586094706836
1.535,25258,0
1.526,44102.4,0
1.611,15583,0
-0.542,163677.12,8.08671792030391
2.57,54960,0
-1.071,11636.8,0
-1.071,18824.18,0
-0.989,44765,0
-0.698,32926,9.09952053687094
1.358,393587.93,11.1012058380742
1.288,780886.95,12.4886203094365
1.288,848530.66,12.9754561139153
1.288,1239467.39,13.4887223097995
1.043,68414.12,6.66792324638169
1.73,19831,5.52545293913178
-0.576,76245.34,3.21927574488953
1.271,145984.34,8.41205487329293
1.271,219128.86,6.90875477931522
1.271,1600,0
1.55,13401,0
1.197,13530,0
1.008,104853.5,0
1.008,407940,0
-0.555,5956,0
1.364,1306198.99,12.7045950946757
1.279,529733.92,9.43356392009056
1.356,1217432.93,9.74102744483773
1.356,2585921.03,12.4499660224654
1.356,1143612.76,13.1336514269741
1.121,128468.64,6.90875477931522
0.03,254070,0
0.03,138108.7,10.2219776466299
0.03,189600.7,10.9286506263812
0.144,142404.12,6.21660610108486
-1.239,39419,0
-0.821,148721.92,7.31388683163346
-0.616,1439038.46,13.0948652455225
-0.616,6214392,13.3557756247297
-0.616,972777.38,12.6251706355036
-0.623,1828589.91,12.8097834292972
-0.623,1674001.78,13.0186858891055
-0.623,2262362.51,13.0754285919548
-1.049,439882.25,0
1.469,93493.72,0
1.469,1080510.06,12.318199269365
1.469,2406981.12,13.42899959965
1.249,967708.31,12.1246053986823
1.375,351118.16,0
-0.104,8651,0
-0.902,3359507.01,13.1326707732151
-0.853,82924.24,10.16120913333
-1.008,350399.48,10.2619131132507
-1.159,13447,0
0.731,101655.92,8.78558999272006
1.246,19266.24,7.44483327389219
-0.729,135992.19,9.48044384215367
-0.729,196558.58,10.606344936111
-0.914,200008.1,8.6741969402259
-0.914,1345413.51,13.1778920060879
-0.914,1110806.16,13.4389080000617
-0.564,550764.2,9.03422114093209
-1.056,14029,8.021256180144
1.28,13126.5,0
0.713,14192,0
-1.247,6213,0
-1.247,12032,0
-1.07,36076.95,0
-0.931,413376.55,9.62289164712694
-0.931,442.5,0
-0.784,1282894.61,10.8227937333707
0.841,39922.7,0
0.786,5220,0
1.263,64012.51,0
1.263,4238.5,0
-1.266,822956.37,11.1265572940411
-0.76,3043849.38,13.0607709761904
-0.76,4843061.39,13.9331923084915
-0.76,5197782.27,13.5940778797716
-0.853,72249,0
-0.958,150846.77,8.29429960885724
-0.913,126257.37,9.85035203598307
0.471,22357,0
0.642,76163.16,9.21044036697652
1.056,1350428.22,13.3631786598162
1.056,43004.68,0
-1.101,31556,0
-0.711,397195.41,11.8193139758874
-0.867,1180462.93,12.8996093502157
-0.867,1993361.18,13.823535303394
-0.867,403.17,0
-1.313,11732.41,0
-1.313,10492.69,0
-1.313,3963.66,3.93182563272433
-0.793,331117.6,11.4295547255373
0.931,1400450.64,13.3782431552666
0.931,3491351.2,14.5341581564593
0.931,2635220.44,14.4191412135427
-1.093,98443.11,4.61512051684126
-1.093,61664.46,8.77971129020447
-1.145,36264.87,0
-0.44,219743.25,11.0369198598489
-0.871,2212530.1,13.2040803319748
-0.871,3199627.94,14.1136866772903
-0.871,3584496.39,14.1422436296495
-1.257,8496.93,0
-0.826,19243,7.02908756414966
-1.093,2868.31,0
1.723,75735.75,6.90875477931522
1.723,1220,7.31388683163346
-1.266,16852.46,0
-0.744,1283258.89,12.9526310822623
0.653,17069,0
0.653,1700,0
-1.021,816,0
-1.021,3115,0
1.194,518.36,0
-1.19,11898.68,0
-1.052,21578.96,0
-0.506,15757.69,0
1.115,1440815.25,12.4016435409078
1.115,1689776.81,13.4687302856211
1.115,1734455.31,13.7011620376022
-0.514,399589.84,12.0129489552021
1.374,11161.98,0
1.098,155792,9.59226387150131
1.483,187313.13,0
-0.93,725,0
-0.93,2816.2,0
-0.814,35840,0
1.218,21800,0
-0.366,75814.75,9.39466325810725
-0.366,2523,0
-1.193,2500,0
-1.193,11839,0
1.253,7130,0
1.32,3811,0
1.744,7042,0
1.744,14810,0
-0.519,251099.54,8.65712903171375
-0.531,1055009.97,12.8756083307568
-0.349,30994,7.67368812926773
-0.456,51449.81,8.29429960885724
0.112,127119.59,8.74049672993181
-0.893,446142.17,10.8137823446366
-0.893,1439886.91,12.7915581926682
-1.185,215357.3,8.31898612539206
-1.194,41546,0
-1.194,95.66,0
0.863,301051.43,11.0137154513765
0.663,305565,8.16080392095467
1.33,1089631.49,12.6231401843692
1.33,638081.38,12.5612212802514
1.33,472749.9,11.6117657701798
-0.702,130786.35,10.7172138560545
0.925,184978.13,6.21660610108486
0.119,6011,0
1.373,17023.57,0
0.006,87102.9,9.21044036697652
0.739,2384014.59,12.8230593644047
0.739,2014233.84,12.7283306696584
0.739,8745.36,0
-0.566,294223.17,6.21660610108486
0.483,178825.74,10.1464729460639
-1.103,15660,0
-0.795,4204049.8,12.9606019491653
-0.795,2694291.45,13.1499489136481
-0.795,3149238.04,13.729336924515
0.126,47277.24,8.5173931714189
1.141,27335.58,0
1.141,296199.64,8.8394216076206
1.09,8291,0
0.933,24845.35,0
0.052,36560,0
-0.213,293813.77,6.71659477352098
-0.213,83596,6.68586094706836
-0.213,921.97,0
1.031,71605.89,6.39859493453521
0.62,12117.51,0
1.239,44477,6.95749737087695
-0.984,212998.69,5.01727983681492
-1.002,214090.06,9.87049937670915
-1.002,299673.5,7.1708884785125
1.148,6647.39,0
1.193,1764.35,0
0.898,30919.23,0
0.976,258792.29,9.57080811415361
0.863,9604.08,0
1.471,31003.52,5.9295891433899
-0.438,164423.48,6.90875477931522
-0.438,1065347.54,11.2469656141225
0.778,7242,0
1.192,76922.37,9.14013247693269
1.033,177798.76,8.75636755980297
1.033,1470.51,6.90875477931522
1.065,129900.36,0
1.516,17122.81,0
1.516,15450,0
-0.492,793519.14,12.4941126039331
-0.492,2293.22,0
-0.914,42965,0
-0.914,13700,0
-0.914,10500,0
-0.485,354207.5,8.5173931714189
1.289,115447.51,9.68040649926887
1.289,1976827.05,13.3367101906213
0.757,100818.54,8.8538082749772
-0.47,4605118.46,12.8513176175714
-0.47,2607470.56,13.4328978336783
-0.47,1957196.11,13.4310987653039
-1.541,4944,0
1.327,10996,0
1.066,216118.13,9.44153145486969
1.066,2010,0
1.828,7557.1,0
1.134,129711.36,9.33264649636015
0.896,682562.64,11.655829249196
0.896,386706.97,10.6805392053183
1.45,54566,6.21660610108486
1.45,7772.48,0
-0.975,363134.65,6.21660610108486
-0.975,11243,0
-0.633,2098543.08,11.7947227560116
-0.633,5046.04,0
-0.783,37835,8.5173931714189
-0.658,1090756.31,13.3621886754429
0.485,57221.06,6.21660610108486
1.847,18554,0
-1.015,293986.94,10.0344280917967
-1.015,500,0
0.158,101252.47,8.8538082749772
-1.721,40525,0
0.582,7573,0
1.376,10065.05,0
1.376,7242.57,0
-0.943,20865.15,8.5173931714189
-0.775,705593.58,11.5322181583506
0.758,22648,0
1.288,589761.87,12.3071751085353
1.288,746834.38,11.8913687499821
1.288,46201.49,8.18896686364888
-0.411,16499.8,7.82444593087762
0.912,407870,11.4563656954364
0.912,7000,8.8538082749772
-0.769,49091.56,9.66465913430174
1.832,115380,4.61512051684126
-0.352,20475,0
1.506,22630.22,0
0.15,145571.08,8.37816098272068
0.15,12011.28,0
0.15,13000,0
-0.388,229878.95,9.73808210811849
0.013,52039,6.21660610108486
-0.398,134989.84,8.43402895015547
-0.398,780017.86,12.4065655979242
-0.398,872534.44,13.1572518159469
1.277,125790.13,6.74641212857337
1.277,5371.8,4.61512051684126
-1.231,5305,0
-1.024,722173.24,12.2926034904161
-1.024,933587.62,11.5392918954577
1.607,50731.59,0
1.607,114923.79,0
1.607,260305.55,7.31388683163346
-1.037,77104.86,4.61512051684126
-1.037,175057.2,9.80160210294704
-1.037,7932.25,0
-0.987,400434.95,10.5071226865825
-0.987,363.42,0
1.444,66696.85,7.86365126544865
1.209,365440.71,9.50121733532448
-1.028,2579981.55,11.7345931276965
-1.028,232812.92,6.90875477931522
1.518,50650,0
-1.097,191248.38,9.04793908261736
-1.097,8299.04,8.5173931714189
-0.932,1269915.13,12.9550810266905
-0.932,2098794.61,13.7677803608312
-0.932,3047314.2,13.9550619912274
-1.006,7655,0
1.258,2705873.47,13.4261241224203
1.258,2329338.18,14.0459307065132
1.258,2326366.1,14.0390548289796
0.465,252286.49,8.5173931714189
-1.258,59565.31,0
-0.587,11660,0
-0.854,834590.9,12.2295498857083
1.235,9771.05,0
1.235,1700.02,0
1.495,10347,0
1.24,82084.43,7.34665516317654
-0.954,9491,0
-0.954,58989.68,5.70711026474888
-1,43694,0
-1,111218,0
-1,19751.41,0
1.661,16475.99,0
1.276,15450,0
-0.51,24817.41,8.32385113133882
1.621,44518,0
-0.654,206000.61,9.19532825185568
-0.654,260,0
1.268,3796,0
1.268,13870,0
-0.663,349474.14,7.31388683163346
0.955,20400.11,0
-0.988,992911.07,12.2009085846905
-1.159,130413.28,8.56997537685521
-1.338,30269.87,0
0.117,142947.33,9.35018926709258
1.329,1830490.65,12.9685336927193
1.329,7512469.91,14.4647113577719
1.329,478684,12.096999691738
-1.302,9753,0
1.194,14812.47,0
-0.934,86555.46,7.31388683163346
1.579,35859,0
1.1,76509.44,8.61268517287546
-1.116,34108,0
-1.076,35159,0
-1.054,133268.31,5.8171111599632
1.24,46181.46,0
1.24,9564,0
-1.075,46218.78,6.90875477931522
1.164,1484066.25,12.7983371864309
1.164,1544845.54,13.2267764543838
1.164,1346086.13,13.5216313495369
0.656,434834.34,9.85224688834253
1.205,231957.49,0
1.2,1618468.91,13.5588017044707
1.2,1507108.76,13.7350007237041
1.2,2098886.3,14.1026544856421
1.28,85958.85,8.80627428478173
-1.064,4466,0
-1.064,15690,8.5173931714189
1.553,7322,0
-0.705,599756.55,9.28275405248523
1.425,30739.67,0
1.124,412443.14,10.0997941938967
1.024,182785.64,8.68917312414515
0.811,360730.28,7.82444593087762
0.947,50307.29,6.16274622136952
1.243,3324422.15,12.332297063368
1.243,1040295.15,13.0712970046365
1.243,1140818.29,13.2509518237734
0.719,70255.18,6.90875477931522
0.719,775,0
0.503,18540,0
-1.168,4164,0
-0.342,246087.01,8.764209507142
-0.342,9110,0
-0.342,1312.5,0
-1.094,82391.2,6.90875477931522
-1.094,4000,0
0.922,158277.88,5.98141421125448
1.252,1113283.51,12.5194261196946
1.252,535758.25,12.6181823294696
1.252,659568.95,12.5559125638095
0.356,419428.58,9.25922576970599
1.572,65925,0
-0.273,749098.06,12.4944530740746
-0.273,2284.3,0
1.083,1692833.09,12.5733271727963
1.083,1464260.04,13.2004866502948
1.083,2773011.64,14.2144518521991
1.089,273875.04,9.61754330252916
-0.873,18132.48,0
1.387,319768.57,6.90875477931522
1.573,70988,8.5173931714189
-0.87,1023930.51,12.6770519861147
-0.87,5208.3,0
1.284,158384,7.13169851046691
-0.799,30444,6.80350525760834
-0.799,2096,0
1.108,70827.43,0
-0.788,617754.94,11.4447108619823
-0.02,84551.51,0
-0.701,56054,8.00670084544037
0.944,30052,0
-0.976,38552.05,0
-0.976,59755.05,0
-1.007,228912,6.90875477931522
-1.007,4,0
0.106,94870.71,7.82444593087762
-0.774,12930,0
0.779,12640,6.21660610108486
-0.747,5954.53,0
-0.747,11997,0
-0.747,599,0
-1.097,55143.75,7.53636927172362
-0.698,1063622.99,12.6038617013187
-0.698,12908.92,0
-0.963,18116,0
-0.463,87156.83,7.13169851046691
-0.436,47263.04,0
-0.286,51444.28,8.63958779962984
0.971,22779,0
-0.623,336981.47,8.16080392095467
-0.623,1000,0
-0.623,1000,0
0.424,317115.88,9.39274525863144
-0.615,112166.51,10.2681653877435
-0.588,148396.16,10.3641035051091
-0.65,611326.68,12.6220028034861
-0.65,554692.18,12.8688449964888
-0.65,538946.11,12.8985466995913
-0.647,18365,0
-0.405,103637,8.81818627792769
1.025,129280.97,0
0.95,236540.58,7.78779687818117
-1.106,1107014.2,11.2685218873697
-0.691,711373.19,10.1697289067531
-0.691,177.27,0
1.257,578878.86,10.5187002182882
-0.652,5500,8.29429960885724
-0.652,6750,8.5173931714189
-0.652,5000,8.29429960885724
-1.108,90785.95,8.8688354928269
1.199,86859.5,0
1.199,5183.36,0
-1.454,1183.44,0
1.464,94587.31,0
1.464,111164.29,7.13169851046691
-0.593,1534013.59,13.2526055941156
0.329,69216.93,8.16080392095467
-0.685,200408,10.043292972227
-0.685,2248239.36,13.3273729535677
1.313,7067.93,0
1.132,183671,8.29429960885724
1.752,19200,9.36742958721896
0.954,42494.06,0
-0.887,817891.63,12.3948330119607
1.012,1314807.8,13.4070112613583
1.012,705027.96,12.7265049767611
1.012,870349.56,12.8955508034509
-1.308,7079,6.21660610108486
-1.189,2185,0
-0.684,1718991.26,13.5336361748558
-0.684,1935567.76,14.0004001977419
-0.684,4501.79,8.00670084544037
0.387,421048.44,7.60140233458373
0.929,241649.13,10.2937713386486
1.007,2664709.02,13.2968224389654
1.007,12139.97,0
1.007,2081375.71,12.9295040932737
1.44,8569,0
-0.866,4858495.76,13.9436821210809
0.776,3299017.35,12.0968212368225
-0.948,1359071.52,12.6294362489639
-0.948,13751.82,5.70711026474888
-0.822,11679.44,7.88231491898027
-0.212,3551,0
-0.362,16812.35,0
-0.478,1852611.33,12.4647802324941
1.446,10173,0
-0.478,1188976.28,12.4209894094365
-0.478,1257531.33,12.5398662979456
-0.401,369234.93,11.52979241483
-0.401,18450,8.77971129020447
-0.396,145040,0
0.623,181117,8.96839619119826
-0.849,7632.81,6.90875477931522
-0.736,931291.06,12.6065316104543
-0.188,627353.07,10.8761775212594
-0.188,12550,7.82444593087762
-0.188,86459.28,7.60140233458373
-0.74,1405684.57,12.3059225053765
-0.74,1113687.42,13.0666201969431
-0.74,1294870.12,13.2464658168347
-1.029,24514,0
0.932,80181.59,6.39859493453521
-0.21,277416.55,10.102379394048
-0.21,108351,7.71912984090673
-0.21,670,0
0.94,116717.26,6.90875477931522
0.94,14252.24,0
1.773,13800,0
-0.606,928665.61,12.1479327030898
-0.606,143.64,2.97756830292632
-0.562,434315.75,8.56617381363786
-0.562,699691.93,10.7955060834346
-0.562,862663.79,12.2087490607336
-0.961,418084.45,7.82444593087762
0.956,3350,0
-0.949,458787.85,9.35018926709258
-0.978,156776.62,7.09090982207998
-0.285,168742.8,0
0.786,36701,9.19023970026918
-1.355,33426.76,0
1.034,248450.2,9.99102624880184
0.053,239160.17,7.91971976092457
-1.016,829456.07,11.7591428364102
-1.016,620,0
-1.176,263938.59,6.21660610108486
-0.922,2257170.87,12.856510426541
-0.922,4256016.85,14.0747619980015
-0.922,3612704.66,13.9417019750044
-0.985,337978.93,10.9797860636077
0.916,7566.86,0
0.43,16599.5,0
-0.593,33681,5.52545293913178
0.517,1464442.01,12.4511772773173
1.008,66087.42,7.09090982207998
1.07,1015732.8,12.5188772137691
1.07,1079605.28,12.9013273037981
1.07,1145267.64,12.9038988623068
-0.995,32555.41,0
-0.995,317167.91,9.59226387150131
-0.995,23904.25,0
-0.264,183149.24,8.93603509656604
-0.264,1250,0
-0.38,812093.22,12.9181053663238
-0.38,888412.26,13.372242393752
-0.38,1184049.64,13.6539593953232
-0.279,76166.23,4.61512051684126
1.251,25451.3,7.17165682276851
-0.935,34166.51,9.39135273882151
-0.935,2793.89,0
-0.902,475664.77,10.9878039738357
-0.902,366.91,0
-0.716,960627.37,12.5101891793704
-0.716,876.2,0
1.455,426363.08,9.10509096125709
1.508,11449.45,6.2841341610708
-0.383,62965,0
0.907,290202.85,9.6004210780406
1.374,25258,0
-0.805,27700,7.60140233458373
1.481,22714,4.61512051684126
-0.828,25393.48,8.8750074860484
0.864,52893.51,5.65599181081985
0.732,952654.99,12.5846837235338
0.732,2619497.13,14.0663763678532
0.732,2119215.84,13.9305055417246
-0.691,109744.47,9.77571099759397
-0.996,6317,6.68586094706836
-0.996,127140.12,9.87232552080872
-0.996,39981,6.90875477931522
1.299,781983.29,12.2579425861253
1.299,721036.12,12.4370428485439
1.299,924331.05,12.5186431040904
-0.62,326146.63,10.1346389552519
1.157,1732310.94,12.6388009131987
1.157,1271635.79,13.234006410655
1.157,1588433.64,13.7421879696236
1.221,499074.89,10.7199800483314
1.149,329731.89,0
0.956,138130,0
1.333,20472.14,0
0.639,506499.64,0
0.849,280965.87,9.28042597954287
-0.28,1220585.94,12.4071996005265
1.101,2550,0
-1.07,35892.36,0
-1.07,5224.01,0
-0.619,515872.32,10.7576424212437
-0.836,2493720.39,13.5299610499796
-0.836,972012.25,13.1679106700976
-0.836,975327.46,13.1556231478492
1.381,26001.14,6.21660610108486
1.381,17133.56,0
1.381,465,0
1.71,63636.89,0
1.281,43661.06,0
-0.864,170471.81,3.93182563272433
1.444,12186,8.53719187792293
-0.879,251336.93,11.2488200656067
-0.879,4928.54,0
1.308,529958.01,12.4335371281605
1.308,635814.05,12.7072296787505
1.308,676933.76,12.8208565012136
-0.753,88971.09,8.38990058275867
1.375,11881.29,0
0.664,103002,0
1.072,45309.85,0
-0.573,32895.6,8.30424746507847
-1.005,35821.68,8.00670084544037
-0.969,562274.77,11.5641032526871
-0.965,1450690.8,12.639429309191
-1.025,22625,6.90875477931522
-0.58,15015,0
1.767,29669,0
1.767,32,0
-0.845,190887,10.5571139749338
1.043,1334027.37,13.316236161151
1.043,1265318.35,13.3080047674487
1.043,1347448.6,13.4734918279475
-0.471,162235.59,10.4014026935191
1.11,172972.01,9.39938924951956
-1.082,14891,0
0.934,38920,8.98732181285012
-1.239,5477,0
-1.239,7155,0
-1.239,10173,0
-0.743,45805.68,9.16597042424024
-0.743,200,0
-0.743,22367.27,9.01808968410434
-0.685,216030.3,6.90875477931522
-1.054,85088.74,8.88197518424887
-1.054,869.74,0
-0.833,1371675.92,12.2526717444015
-0.833,1285726.94,12.7332862497866
-0.833,969667.01,12.9855651000324
1.29,35784.76,8.10198073185319
-0.29,690205.26,11.4173574019169
1.171,143598.08,9.74102744483773
0.426,4470,0
-0.643,66371.25,0
-0.591,777393.79,8.41205487329293
-0.591,28148.26,0
-0.591,21540,0
0.215,1528835.97,12.2439029694633
0.215,606.54,0
0.927,1001713.87,7.37838371299671
1.067,1188138.11,10.0519506601738
1.067,2961,0
1.067,1600,0
-0.85,157767.1,11.0509058782636
-0.868,7409,0
-0.963,10798,0
-0.827,4190,0
-0.987,34640.88,7.13169851046691
1.118,104514.55,8.5173931714189
-0.764,18639.52,0
0.51,630078.86,9.30574145673943
0.51,28648.58,0
1.102,1473766.58,12.5649736100457
1.102,1147855.77,13.0825713314716
1.102,1113297.11,13.4280096235257
1.203,401602.28,0
1.203,1727.03,0
1.064,9750,0
2.106,11046.08,0
-0.871,637072.74,11.3205656934614
-0.871,238348.69,10.5802766664833
-0.871,2176.94,0
1.376,27811.63,0
1.376,6000,7.60140233458373
1.376,7866.45,0
1.026,419873.19,8.41205487329293
1.026,247179.4,0
-0.813,983834.1,11.2057722542737
-0.813,2340.97,0
-0.867,65233.27,0
-0.877,24171,0
-1.06,16234,7.60090245954208
1.164,668002.91,9.51051903575725
1.164,616568.86,9.54688403461792
-0.294,38071.4,0
-1.026,118782.23,8.764209507142
-1.026,150617.3,8.1969879272589
-1.026,8083.8,0
0.934,932644.67,8.92279162396964
0.253,50986,0
-0.642,710406.83,12.1670251173795
1.532,10611,0
1.405,81124.58,0
0.863,1500,0
1.079,1397459.98,12.170169523082
-1.398,20418,0
-0.229,26672.99,6.90875477931522
-0.525,62016.19,6.21660610108486
1.176,25964.54,0
1.548,45190,0
0.657,30553.99,0
0.994,238555.61,0
-1.141,52936.84,0
-1.141,31307.68,0
-1.141,13358.34,0
-0.868,50168.7,8.2960476427647
1.757,7919.09,0
-0.918,7843.98,0
1.317,9019,6.90875477931522
1.317,26115.94,0
0.392,357440.84,6.90875477931522
-0.642,4529955.37,0
-0.62,36757.8,0
-0.862,76900.11,0
-0.862,74005.62,0
-0.862,68159.55,0
0.806,4900,0
2.145,89946.02,0
-1.054,14935.5,7.6863918455575
1.273,75907.54,6.21660610108486
-0.9,51855.41,9.80372246434655
-0.9,9994.97,7.60140233458373
-0.9,6120.63,7.60140233458373
1.738,4347,0
1.738,10690.85,0
1.568,14325,0
1.568,22663,0
0.871,465070.5,9.20467937874743
0.871,2511.25,0
0.898,645699.32,8.31898612539206
1.086,575301.27,10.7499350514685
1.605,44341.12,0
1.076,1359236.07,12.900565620103
1.076,817575.03,12.5514329800108
1.076,625262.86,12.1550477361768
1.597,20365.01,0
-1.189,5485.83,0
0.911,39647,6.90875477931522
-0.098,4950,0
-0.333,18026,0
1.331,33452.79,8.41205487329293
1.169,12532.77,6.90875477931522
-0.877,685661.09,11.3953790013285
-0.877,504421.52,12.1001619785669
-0.877,590656.43,0
1.313,132479,0
1.506,12837,0
1.469,136944.69,6.90875477931522
1.469,3738,0
0.935,15625,0
1.34,54801.71,7.31388683163346
1.003,18647,0
1.659,81467.93,0
-0.614,57058.3,8.54157356014161
-1.048,12507.12,0
1.137,27899.04,0
2.309,120425,0
-1.122,2597.45,0
-1.122,41.36,0
-0.874,28859.1,0
-0.606,1802829.59,13.0156728220802
-0.606,2671926.21,13.9752446870022
-0.606,2198475.57,13.2786987148427
-1.04,10001,0
-0.591,6252,6.39859493453521
1.27,844976.71,0
1.692,24668,5.52545293913178
1.084,121465,6.90875477931522
1.027,213956.81,6.90875477931522
-0.978,12235.92,6.75343791859778
1.167,245755,0
-0.744,11273.84,0
-0.879,399641.24,11.0836951890618
-0.879,850,0
-0.423,170278.48,6.21660610108486
0.217,217564.28,9.47278155656217
0.217,2560,0
0.217,185,0
0.162,186966.66,8.25608813381491
0.162,4500,0
1.617,30853,0
-0.485,84022,6.90875477931522
-0.175,894184.38,11.956655701601
-0.175,821878.57,12.9362749749469
-0.175,1238495.44,13.2550266182942
-0.408,87913.75,6.21660610108486
-0.599,125541.58,8.5173931714189
1.485,101210.42,0
1.718,33575,0
1.055,188511.77,0
0.31,83916.99,8.69968140098951
0.31,45570,0
0.31,43737.23,8.16080392095467
-0.835,443784.69,0
1.365,9800,0
1.646,25095.29,8.41205487329293
-1.153,79696.09,8.146419323098
1.249,5461.89,0
1.27,52320,0
1.24,827360.02,10.6926492102793
1.214,3297682.95,12.5358138149753
1.214,1913662.96,13.1695371311241
1.214,1718990.87,13.2766365468723
-1.022,805,0
-0.486,1219901.76,13.1287004357684
-0.486,1407491.48,13.4766839239233
-0.486,1408175.76,13.4407930355058
-0.413,96879.77,0
1.951,29870.04,0
-0.924,10785,6.21660610108486
1.314,18306,0
-0.955,145117.41,8.54694614956558
-0.511,2321874.46,8.92279162396964
-0.511,19478.16,0
0.053,130805.4,8.5173931714189
-0.722,14047,0
-0.981,32580,0
-0.058,117735.38,7.60140233458373
0.004,81611.52,0
0.726,94763.35,0
1.059,123788.23,6.90875477931522
-0.696,1296471.62,13.3541342778865
-0.696,1204584.21,13.3722032768795
1.39,183999.48,9.03425334008024
1.39,242733.12,9.35884658027541
1.39,132850.27,8.33110454805304
0.436,94615.2,6.90875477931522
-0.26,2238,0
-0.154,22454,0
1.114,19155,0
1.411,7709.87,0
-0.214,7847,0
-0.214,350,0
1.717,77266.52,6.90875477931522
1.017,319733.1,10.7472290967206
0.687,75542.12,6.90875477931522
0.687,26011,0
1.291,788188.2,9.10509096125709
0.891,78535.88,0
1.678,10075.32,0
-0.88,25213.64,9.15915233520675
-0.88,21586,8.5173931714189
1.282,146221.81,0
1.449,16183.2,0
-0.953,16808,0
-0.748,231493.21,9.99884318585288
-0.748,266276.9,10.1849377471114
0.884,83140.9,6.90875477931522
1.361,316436.22,10.0213150316493
1.442,407078.25,8.92279162396964
0.317,150172,6.21660610108486
0.989,538092.58,12.3677704880283
0.989,758016,13.0047075836524
0.989,920060.29,13.1986222646807
1.069,154276.45,9.68040649926887
-0.701,100311.65,10.8117662738001
1.213,10717.48,0
-0.298,30602,0
1.382,327680.87,9.49597034030183
1.42,2505284.25,12.8969697966714
1.42,5315812.23,13.0472143096525
1.42,5472751.26,13.8545366271757
0.593,27045,0
1.223,179257.33,0
1.223,364058.2,0
1.223,140000,0
-0.981,194346.74,10.3557322335004
-0.582,2011392.39,12.5063661090321
0.872,31059.9,6.62140565176413
1.891,59753.29,0
-0.411,78991.62,6.31173480915291
-0.892,65922.17,0
-1.11,172429.14,7.82444593087762
1.294,94910.02,0
-1.169,971646.24,9.6900467766833
-1.169,12210.01,0
-1.122,20637.13,0
-1.259,33200,0
-0.54,165688.8,0
-0.54,353337.51,0
0.389,19427.23,6.18620862390049
-1.062,480091.62,9.71570088921511
1.223,176255.79,0
-0.795,1175403.75,11.3871099425964
-1.021,291823.72,9.81115677988705
1.068,549440.76,9.72334781384508
0.213,55145,0
-0.509,66109.64,0
-0.509,286219.6,6.90875477931522
-0.509,362914.7,11.9404815604724
1.27,11427.45,0
-0.519,252755.64,0
-1.042,225759.06,0
-0.138,310210.77,11.2093406786644
1.051,448087.23,9.00943642709128
1.415,284860.42,8.29429960885724
-1.044,13478,4.61512051684126
-0.939,42164.54,9.48044384215367
-1.024,34202.03,8.61269062641449
-1.062,369672.46,10.5427327759467
-0.774,1873136.18,13.5032531027171
-0.774,2012793.65,13.7003537706967
-0.527,14269,6.90775527898214
-0.774,2140206.23,13.8582376166968
0.567,1826276.31,11.002607878798
0.567,3500,0
1.597,40956.12,0
-1.072,129980.68,0
-1.072,59909.17,0
1.574,22827.78,0
-0.277,28636.35,0
-0.517,19732.91,0
0.93,244816.85,6.90875477931522
0.93,61810,0
-1.312,4540.62,0
-1.073,1719,0
-1.073,11495.04,0
-1.088,2385795.99,11.9576306450187
-1.088,744040.01,9.11723775371386
-1.088,309.91,0
-0.905,1153296.01,13.1165453253148
-0.905,1031013.51,13.2299732234208
-0.905,1038977.75,13.3279879638792
-1.025,521194.51,9.86531828641862
-0.963,416550.15,8.37080464149491
-0.161,18540,0
0.53,5389,0
1.439,127409.03,6.90875477931522
1.483,11923,0
-0.954,1281552.07,12.9238390945275
-0.418,447557.33,10.8307380066466
-1.004,192675.13,9.88572319655291
1.161,15385.34,0
1.603,2133,0
1.603,600,0
1.603,600,0
-1.116,1109,0
-1.116,500,0
-1.108,237456.58,6.90875477931522
-1.108,550,0
1.219,295006.95,10.4411165353089
1.14,1907597.44,13.8017685577094
1.14,1367469.77,13.6449606427268
0.02,10113,0
1.211,214519.18,9.5819728915479
-0.923,36974.05,0
1.1,209780.99,9.47278155656217
-1.201,6674,0
1.178,16355,0
-1.095,9000,0
-1.095,9810,0
0.403,28844.2,7.82444593087762
1.358,747227.78,11.4153236614008
1.31,1880021.71,12.4695939326964
1.31,1232446.2,12.5611738517931
1.029,1413085.06,10.3385438248217
1.258,67729,7.60140233458373
-0.774,153501.09,0
-0.682,21248,0
-0.395,284800.44,10.3781988333811
-0.508,1565130.39,12.7576591419485
0.975,2198995.68,13.0061741309909
0.975,2240181.57,13.7028273970616
0.935,189699.86,9.77001330113616
1.34,118476.08,0
1.445,9780,0
-1.601,11505,0
1.071,1047441.15,12.4718004776256
1.071,716791.26,12.8471657160399
1.061,634494.59,10.2036291813376
-0.405,1189666.78,12.6729429021371
-0.97,5163.66,0
-0.387,6505,0
0.914,19367.4,8.5173931714189
-1.106,31645.82,0
0.914,25185.21,0
0.914,78278.3,9.50739959124056
-0.7,10810,0
1.469,781778.38,8.43402895015547
1.469,1125977.68,8.64839687703158
1.382,58316.32,0
-0.432,82500,0
0.722,14236,0
1.57,44050.43,6.90875477931522
1.644,40625.56,0
-1.045,56416.79,7.60140233458373
1.224,1982869.87,13.5732033002005
1.224,1127799.43,12.4401701427194
1.224,797747.29,12.7441758307086
-0.916,1093477.4,13.1603573576592
-0.621,25228.81,6.21660610108486
-0.621,11875.4,0
0.03,550726.15,11.0365173708515
0.47,21772.25,0
1.971,13483,0
1.269,534821.71,8.41205487329293
-1.125,4751.43,0
-1.125,233378.26,9.16711966952162
-1.125,1065.8,0
1.707,4587,0
1.088,1612862.53,11.606880181094
1.088,11761.38,0
-1.286,9715.01,0
0.314,256830.17,10.1993773492749
1.281,552172.4,11.1317836329634
1.281,27857.99,0
1.227,20425.73,0
1.577,46505.05,0
1.144,83667.93,7.40853056689463
-0.947,1294524.96,12.6869271900801
-0.947,1639589.92,12.8358692923493
-0.118,118694.01,0
-0.977,5718,0
-0.968,69863.65,0
-0.842,1261352.27,0
-0.726,301640.49,10.3255147489433
-0.842,3412568.09,0
-0.842,3732538.09,0
-1.512,7770,0
-0.24,32271.74,8.78022646281791
-0.24,450,0
1.206,4940,0
1.305,25367.27,0
1.391,32048.72,0
1.391,20250,0
0.543,47858,0
1.069,146617.12,0
0.286,497358.89,10.5571399823979
0.954,25019.95,0
1.124,3740,0
0.953,42012,0
0.953,26480.93,0
-0.881,1725079.55,13.0583749769226
-0.881,24711.7,0
-1.047,36527.12,8.29429960885724
-1.047,318,0
-1.037,9345,8.82482493917564
0.272,64879.45,0
0.977,591580.09,9.8847720041555
0.977,2353070.71,12.3538502029438
1.031,218981.66,4.33073334028633
1.031,7544.06,0
0.951,134521,0
-1.437,16797,0
-1.437,10607.1,0
1.067,415460.24,10.1905819523422
1.067,1712195.09,13.8477305345848
1.203,304740,0
1.189,71696.32,0
1.189,431583.71,8.61268517287546
1.094,1388717.9,12.5967523191549
-0.774,27880.95,0
-1.217,7660.46,0
-1.217,14407,0
0.678,167213.72,8.00670084544037
-0.784,4200,0
-0.551,143051,0
-0.866,1031053.81,11.1899966606313
-1.034,38226,0
1.11,523036.83,11.7358646754083
1.11,698718.69,11.3448000247925
0.621,353899.66,10.6501518030609
0.72,61019.64,0
-1.016,2137470.58,7.69938940625674
-0.515,1267228.75,0
-0.662,1313709.29,10.6478267723575
-0.612,2455885.5,13.2044594892459
-0.612,2066220.28,13.1122242497302
-1.116,156322.07,0
0.443,1631866.04,10.7043898793361
-0.04,1058350.67,7.82444593087762
-0.734,853640.16,9.40104337279805
0.15,24663,0
0.009,46394,0
-0.174,31915.18,0
-0.506,477920.89,12.7248694151314
0.045,405118,10.7862421831908
-0.506,608052.9,12.987044880288
-0.865,82378.61,7.31388683163346
0.968,1299009.56,12.4493361463376
0.37,14585,0
-1.071,5208.98,7.82444593087762
0.981,251122.01,9.92822894442457
-0.645,27612.9,0
-0.939,30500.03,8.16080392095467
-0.939,87268.86,8.00670084544037
-0.968,119068.62,10.5240909216204
-0.968,162960.71,11.010415172808
-0.32,3965,0
1.109,11173,0
1.435,428345,0
1.435,238505.07,0
1.116,1430178.62,13.2933826196602
1.116,1977608.5,13.8356082397668
0.895,532681.34,9.21044036697652
1.185,63639,6.21660610108486
-1.407,142402.93,0
1.214,17195,0
0.734,19627.46,0
0.734,17650.23,0
1.461,60080.63,0
1.461,70741.33,5.52545293913178
-0.911,114509.11,9.74343909831154
-0.911,32983.1,8.05547514175727
-1.114,94234.87,7.86365126544865
-1.114,749.22,0
-1.387,125966.08,8.22977775008189
1.184,3412768.79,12.9606218397768
1.184,1707.45,0
1.238,359999.53,10.6568336172403
0.98,1507094.26,0
0.98,517.93,0
1.624,11255,0
1.258,203567.91,7.13169851046691
1.84,23559.95,6.90875477931522
-0.853,295736.35,11.1757729970442
1.023,16324.67,6.55250788703459
1.365,363465.97,8.62980733578537
0.87,29073.5,0
-0.309,13728.47,0
1.352,2672357.28,13.3025175871977
1.352,1020222.48,12.6583288098112
0.164,1000,0
1.574,344484.21,8.5173931714189
1.058,458651.09,0
1.192,113654.33,9.05087559732516
-0.984,834943.42,11.1042201129371
-1.033,5145369.66,11.3964028846062
-0.892,4200,0
1.472,300239.48,8.98732181285012
1.472,850,0
1.17,93338.44,8.69968140098951
1.374,15346,6.21660610108486
0.995,154620.31,7.60140233458373
1.42,47979.01,0
0.483,117994.48,7.82444593087762
0.748,32999.12,0
-0.433,7892,0
0.759,8142.31,5.7567227453667
1.334,207830.78,0
1.334,79026,0
-0.65,3695748.95,13.4429187820953
-0.65,2177145.72,13.5843323147883
0.116,334932.68,0
-1.098,80881.66,7.46794233228585
1.537,32927.7,0
-0.9,21450.28,7.82444593087762
-0.777,8698,0
1.345,135796.29,8.88889466937159
1.38,49045.84,0
-1.006,38479.21,0
0.991,211111.49,8.5173931714189
-0.924,53680.61,0
1.601,1400,0
-1.102,181206.24,9.55669504464223
-1.102,37564.65,0
-0.757,110316.25,8.61268517287546
-0.757,13033.98,0
1.191,441127,10.1346389552519
1.191,5705.45,0
-0.942,34737.71,0
1.379,196473.37,8.29429960885724
0.795,37782,0
-0.528,70520.74,7.60140233458373
-0.944,37145,0
1.296,802,0
1.296,1611,0
-1.198,74634.27,8.5173931714189
-1.198,49745.28,9.21044036697652
1.329,58403.48,0
1.329,325.94,0
-0.788,3254794.73,13.2993390034735
0.855,2082213.35,13.6441384129739
0.855,3979735.92,14.0309964642116
1.547,62463.87,0
-0.708,15144,0
-0.857,444540.77,11.1722785263944
-0.664,63307.9,8.18896686364888
-1.049,18086.74,0
1.056,236498.01,0
1.329,51233.38,0
1.026,1500856.1,9.25922576970599
1.026,587525.81,6.21660610108486
0.949,55335.88,0
1.238,101048.62,0
1.51,14100,0
0.031,135953.03,0
-1.026,253741.36,10.5146380342913
-1.026,133917.66,9.21044036697652
1.1,4782657.01,10.7944809890361
1.1,386865.23,8.5173931714189
0.839,1178449.42,12.4037612307364
0.839,125,0
1.371,26384.17,0
0.092,58809,6.90875477931522
1.202,30203.75,0
1.202,6121.83,0
-0.725,78310,0
-0.716,67384.38,0
-0.716,45,0
1.073,4675,0
1.037,25471.08,0
1.037,25594.03,0
1.296,145367,0
1.296,49834.91,0
1.419,645,0
-1.423,29636.78,0
0.436,455428.56,0
0.809,2367913.67,13.0840308441025
0.809,3885811.58,14.4108061380444
1.799,93000,0
0.493,108940,0
1.12,1825004.42,13.034805909516
1.12,1271835.81,13.4071491746975
1.322,1120968.58,11.7097332544635
1.094,134660,10.0033781353509
1.318,174917.07,6.11146733950268
1.098,117258.65,0
1.281,812333.13,8.8538082749772
1.281,1713.33,0
-0.872,37525.79,0
-0.79,46139.89,9.20542832761516
0.933,16804,6.62140565176413
0.933,45535,7.28000825288419
1.45,26107,7.60140233458373
0.228,298308.89,8.42310226801664
-0.785,19569,0
-1.242,28898.36,3.71357206670431
1.551,17850,0
1.551,17491.34,0
1.247,555052.92,11.6643667634507
0.652,254098.52,0
1.331,647121.64,11.3065284051346
-1.036,31795,0
1.546,23347.03,0
1.27,1127064.24,12.6945023423032
1.27,833620.13,13.1197619967458
0.938,759886.65,10.9472916047092
1.184,490342.38,10.8454655241463
1.184,341.57,0
1.597,26367.9,0
1.334,210,0
1.039,3160155.96,0
1.039,55417.26,0
-1.029,34330,0
-0.612,17250,0
0.54,58178,0
0.54,9293.49,0
-0.508,799340.51,9.52522410185311
-0.517,459074.05,10.0941492336051
-0.491,122280.85,6.62140565176413
-0.661,1132561.9,13.2570087393346
-0.999,13796.47,0
-0.45,839116.79,11.0477262758964
-0.675,92127.72,0
0.878,8354,0
-0.824,1418164.97,13.1704359889564
-0.824,259095.85,9.94507949057379
-0.746,885346.18,5.6021188208797
-0.746,2951995.11,13.338434296516
-0.882,397866.66,8.5213843960347
-0.381,733344.16,10.5281149639643
1.364,168240.96,7.37838371299671
-0.576,225531.14,0
-1.114,2247806.89,13.1912561052104
1.34,288688.65,10.2532588208508
1.34,2628.04,7.60140233458373
1.082,736238,0
1.082,2409.76,0
1.126,385126.52,10.8371465785714
1.229,3996379.76,14.1416969042957
1.229,2522676.6,14.1624329085885
1.441,64244.61,0
-0.924,2172730.89,12.3908653548435
-0.924,1959561.38,12.7207465053287
1.509,854072.36,10.2152535157594
-1.239,12112.26,5.86078622346587
-0.525,162653.58,9.7981825908907
-0.413,401678.3,6.18620862390049
-1.076,42466,0
1.435,23124.39,7.85399308722424
1.14,22621.25,6.52246037766336
0.945,32060,0
-0.605,40373.08,5.52545293913178
0.12,238499,8.93274063486591
1.219,336232.87,9.93430769487601
0.416,55435.92,0
0.416,15659.23,0
1.146,170837.21,8.92279162396964
1.298,20302,0
-1.034,12155,0
1.059,532349.79,9.01808968410434
0.833,1319176.85,13.0864976428113
0.833,2321040.38,13.8929580455809
-0.911,1936927.07,12.8068021340069
0.959,279476.99,9.7841971313448
-1.07,526160.75,0
-1.122,200,0
0.926,66944,9.21044036697652
-1.127,1325027.48,12.5618466137121
-1.127,7220.4,7.60140233458373
-1.122,22263,5.99396142730657
1.558,10082.61,0
-0.915,43076,0
-0.82,25570.79,7.82444593087762
-0.871,816818.86,12.0457182540817
-0.943,55522.72,7.91971976092457
1.497,21460,0
-0.764,4098.07,6.55250788703459
1.489,31849.98,0
-0.76,32778.8,9.63240035365618
-0.736,114584.2,8.15075647027555
-1.092,3782,0
-0.232,164738.04,8.8538082749772
-0.232,142830.21,0
0.421,26494.77,0
-0.944,171851.4,6.21660610108486
-0.997,783559.58,11.680564762978
-0.997,4131.81,0
2.06,10104.3,0
1.399,30849,0
-0.923,3190,6.21660610108486
-0.978,385817.43,10.1754593625323
-0.978,7937.21,0
-0.942,8429.29,0
1.295,185719.15,8.08671792030391
-0.749,14624.98,6.47850964220857
-0.859,150743.47,7.84424071814181
-0.859,600,0
1.119,181231.29,0
1.119,284.17,0
1.441,8631.82,0
-0.617,890068.37,11.6101784835133
-0.617,98142.43,0
-1.445,8206,0
-0.157,149722.71,7.82444593087762
-1.154,51259.27,0
-1.154,13034.58,0
-1.485,14149,0
1.055,16.38,0
1.033,1101199.23,11.9283475045698
0.093,197712.09,9.77029895829238
0.093,9364,0
-0.455,14900,0
1.162,1505145.86,11.7969731660881
0.241,56450,0
1.024,676417.18,8.74049672993181
0.835,49129.93,0
1.127,924819.26,11.857231224988
1.127,607693.18,12.634592798504
0.952,713107,7.82444593087762
1.258,752642.88,10.6595156311353
1.258,20062.98,0
1.167,25825,0
0.646,13293,0
1.228,588988.81,10.0135071975747
-0.389,6100,0
1.144,96250.57,7.82444593087762
1.144,2660,0
0.471,421589.46,10.1105887100068
1.5,465347.34,10.0235346898456
1.334,330945,8.00670084544037
0.871,2022332.1,13.1159641861845
-1.018,201,0
0.871,1951463.2,13.6899117107716
0.409,433286.42,10.3401605877685
0.889,31487.43,6.62140565176413
0.889,41826.53,8.51036996606811
-0.316,15560,6.90875477931522
-0.316,21506,0
-1.05,788287.24,10.2622201779954
-1.02,646266.62,4.61512051684126
-0.8,2246750,12.9764437956205
-0.8,1317553.84,13.2076646897332
-0.561,525721.26,10.8435143420869
-0.286,1046792.31,10.7990856611852
-0.828,3363693.19,12.8316126012941
-0.828,2632276.6,13.4660821514787
-0.897,93858.98,5.23110861685459
-0.897,1022.5,0
0.679,67000.24,0
1.311,138849.3,6.69208374250663
1.311,262049.96,8.67436786578824
1.521,29387.4,3.93182563272433
0.748,1020211.63,10.4133427055477
0.499,275163.52,3.93182563272433
-0.79,572862.41,8.77971129020447
-0.79,1242,0
-1.313,3067.29,0
0.771,11758,0
1.531,4015,0
-1.161,169823.22,0
-1.161,244709.82,0
1.075,42811.28,0
1.097,19646.99,0
1.35,1481891.83,10.8929859943067
1.35,552.53,0
-0.064,9075,0
1.332,20940.7,8.59433940059289
-1.05,83112.92,0
-0.922,1975987.28,13.1297875697596
-0.922,3513506.97,13.5387312471479
-0.667,329629.03,11.0627401491722
-0.667,268.47,0
1.064,1728594.18,12.5116236386367
1.064,3404509.12,14.37096343012
-0.898,1002506.43,12.8462637816786
1.539,37733,0
-1.138,57905.72,8.84664081310049
-1.138,59.25,0
0.91,1820330.83,11.6461530614534
-0.881,328939,9.6832148763136
1.974,41254.6,0
1.065,3576812.17,0
1.065,3982089.77,12.2474592806109
1.025,1156712.66,13.0258103395718
1.025,1055125.41,13.1819642659729
-1.013,133963.28,9.43755562266045
-0.863,504363.69,11.2695919613592
-1.07,793716.62,10.0710904865539
-1.07,1159966.24,10.3433321869608
1.427,5498,0
-0.957,1375605.15,12.8219572024826
-0.146,3150,0
-1.099,65953.52,9.23012535205783
0.964,30043,4.26267987704132
1.071,1064038.15,13.1046440126092
1.071,1651429.76,13.7231871662642
1.108,44184.7,0
-0.43,1051549.15,5.52545293913178
-0.43,1177138.09,10.5281149639643
0.896,5008647.6,12.3883153658833
0.896,1353149.44,12.8808575924288
-0.816,825724.7,11.9482600066807
1.513,48368.19,6.90875477931522
-0.591,1600331.23,13.3644349148041
0.989,35782,0
-0.591,1176763.41,13.2839359382365
-1.199,5860.88,0
0.554,37305,6.21660610108486
-0.878,6500,8.5173931714189
-0.973,28401.33,0
-0.999,35875.21,0
-0.684,32982.94,8.5173931714189
-0.553,58807.91,0
1.387,79890.98,0
1.383,355500.75,8.5173931714189
-0.69,57359.66,0
-0.958,34232.77,0
-0.958,150,0
-0.93,8755.3,0
-0.93,3817.61,0
-1.331,13650,0
1.514,131726.82,6.21660610108486
1.387,41564.5,8.22977775008189
1.225,2049149.96,12.5386121591237
1.225,1887293.93,13.5781806037994
1.203,114663.33,0
1.031,412862.03,6.90875477931522
-1.13,65087.87,0
-1.048,223413.2,10.3890261370752
-1.148,5908,0
1.332,1036890.07,12.4902239546666
1.302,2130979.74,12.7964974940303
1.302,3778710.55,12.6707723902649
1.127,9155.49,0
0.005,13307,7.28000825288419
0.578,14190,0
0.578,14656,0
2.204,12942,0
-1.156,20564.3,0
1.178,1696238.68,13.9197770463925
-0.892,237744.36,7.8808043446749
-0.864,6796.75,0
-0.88,5945,0
1.502,10420.46,0
1.071,205978.37,0
1.546,9999.4,0
1.457,1356310.38,9.05075830215172
1.457,19066.53,8.5173931714189
-0.931,1721571.63,12.7464327702716
2.395,11955,0
1.396,1288352.16,7.60140233458373
1.396,16873,0
1.484,4748870.45,12.9525533203538
1.484,5680723.67,13.5668632839488
1.074,162667.25,7.31388683163346
1.44,17488,0
1.44,730,0
-0.402,64701.24,0
0.136,971018.49,6.90875477931522
-0.954,1181626.02,10.5584394939645
-0.652,45136.44,0
0.975,323554.56,10.4773161440809
1.403,915845.33,7.13169851046691
-1.333,11581,0
-1.293,3101,0
1.303,839378.33,12.1639007820132
1.303,907920.57,12.8327003575044
1.29,122374,7.60140233458373
-0.527,8521.21,0
-0.971,904778.86,10.7407567218572
1.056,568306.03,12.1701915496422
1.056,14933.24,0
0.708,886094.39,0
0.767,296684.63,9.59906615608005
-0.057,30246.9,0
-0.057,102615.18,8.31898612539206
1.538,30200,0
1.538,7351,0
1.146,15691,0
-0.14,60463.63,7.60140233458373
1.069,556090.44,9.43356392009056
0.475,29126.29,0
0.475,14888,0
-0.678,82214.59,8.67905180295208
-0.678,815,0
-0.969,543273.57,10.3291800343243
-0.464,28981.25,0
-1.025,4464.01,0
-0.921,254915,5.52545293913178
-0.393,279949.6,8.06419927329691
-0.143,220970.84,9.20039104112251
-0.143,104622.49,5.52545293913178
-0.827,229146.32,0
-0.773,928244.67,13.3290595287466
0.349,32412,5.52545293913178
1.354,383908.73,10.8695394056198
1.354,6299,0
1.365,7931.54,0
1.365,41698.75,6.90875477931522
-0.918,87871.98,8.34307787116938
-0.888,7124,0
-1.226,15260,0
-1.226,10449,0
-0.818,936762.19,11.8363016065779
-0.818,2418.42,0
1.139,10648,0
1.139,2530,0
-0.963,47209,0
-0.963,594,0
-1.135,34922.29,7.46794233228585
0.373,1246958.11,12.7321440002815
0.373,2512188.38,14.0538148187406
-0.757,143915.1,7.91935619066062
1.428,51360.5,0
1.134,111770.97,6.90875477931522
1.274,133834.55,0
0.888,370343.63,8.33110454805304
0.888,219852.32,7.82444593087762
1.3,107094.48,8.63070043220983
1.078,550036.09,8.77971129020447
1.301,1197989.65,12.3845807319468
1.301,2671.77,0
0.482,25548.7,0
-0.182,2102533.81,13.5672303232874
-0.182,2431549.03,13.6873541911152
-0.953,53385.03,7.60140233458373
1.021,108463.77,9.70509758756311
-1.265,9179.56,0
-0.305,769235.81,10.9557242595827
-0.305,1000,0
-1.112,55147.91,0
-0.823,1785296.53,13.3448428042367
0.953,108155,0
0.711,5653128.44,12.553173271614
0.711,1921317.84,13.690452026205
-0.904,104037,0
-0.904,50,0
-1.623,3765,0
-0.796,5724.25,6.16541785423142
-0.81,1253537.22,12.0320574749932
-1.099,107968.79,0
0.873,135151.25,8.41759382619348
-0.834,121055.33,9.3574086017888
-0.059,74663.1,0
-0.059,20844.71,0
-0.059,43733.85,0
1.045,11465,0
-0.425,173617.22,9.39274525863144
1.387,31089,0
1.387,44280,0
1.402,5032,8.5173931714189
1.201,223878.72,10.0213150316493
-0.483,324206.29,10.9685003128804
-0.808,1395927.28,13.0023486107879
-0.808,1102180.85,13.1982608902317
-0.844,214888,6.90875477931522
-0.636,31680.98,0
1.284,10896,0
1.412,355293.22,7.2086003379602
1.219,101625,0
-1.036,144358.76,0
-0.952,1415026.93,12.7860176447811
1.352,47995.49,8.56617381363786
1.154,161074.83,7.650168700845
1.154,150819.76,8.53227882883428
-1.03,10791.45,0
-1.361,10906,0
-0.769,1161529.29,12.8284271215893
-0.769,849,0
-0.518,33911,0
1.145,446357.92,11.4383161363891
1.145,1892629.38,13.7000390985557
1.269,214526.16,9.98620744258752
0.998,175755.47,7.0475172213573
-0.231,185347,8.71620797115185
-0.391,3516854.58,13.4116491831881
-0.391,2119648.91,13.3022508241546
0.456,1729183.76,10.0002348809657
-1.022,95784.19,0
0.719,22204.52,0
0.918,83767.3,0
-0.943,199349.26,0
-0.191,165988.35,7.09090982207998
-0.191,172865.78,8.61268517287546
0.667,203880.05,8.93721845085573
0.667,6150.66,0
0.094,14049,0
-1.025,6432439.33,12.2521277394694
-1.025,8290.64,0
1.157,147573.99,7.30996175016205
1.157,20800,0
1.3,1950717.8,13.2650192847422
1.3,3150716.49,14.1853802323123
-0.853,2045350.46,12.7438546590718
-1.27,35023.49,0
-1.27,15063.37,0
1.359,193828.34,8.05025685321997
1.359,971967.05,12.6747816871589
-1.064,2302212.1,12.7628438772633
1.16,10010,0
0.704,1029766.17,12.0989105079257
-0.805,646744.98,7.93773177526011
0.704,2703779.53,14.1677941901916
-0.211,40132.75,8.77971129020447
0.654,18225,0
-0.368,3092615.51,0
1.173,88103,7.93773177526011
1.173,3279.84,0
-0.955,12525,3.43398720448515
0.767,194023.52,6.21660610108486
0.767,226761.99,0
-1.052,15100.2,0
-0.948,4535,0
-0.926,299476,8.77971129020447
1.635,7350,0
-1.051,44737.38,8.45419162189653
-1.051,90513.09,9.28679017133939
-0.835,59444.38,9.76082891879855
-0.662,949150.8,12.5076190499218
1.42,19423.56,0
-1.012,22121.2,9.21044036697652
1.656,112800.07,8.5173931714189
1.656,95628.2,0
-0.997,193360.14,8.26898820950666
-1.052,7108,0
-0.438,14146,0
-1.413,6101.9,0
-0.5,7281.25,0
-0.5,10692.35,0
-0.5,9571.73,0
-0.741,101650.13,8.38389034410182
-0.741,991879.32,11.5739358947062
-0.741,251776.91,9.8934877204578
1.616,297609.2,7.82444593087762
-1.045,37789,8.0507033814703
1.784,131168.97,0
-1.214,11019,0
-0.566,1000,0
1.086,1027119.32,11.7268345091683
1.086,1330,0
0.955,313085.33,10.6942377369148
-0.725,177046.78,6.21660610108486
-0.725,133.61,0
1.124,847747.56,12.2182531609393
1.124,865837.42,12.9142441929156
1.54,745484,0
1.467,44215.18,7.60140233458373
1.293,22623,3.46573590279973
1.191,38057.5,0
-1.086,135231.17,7.39312770098313
1.317,8384.55,5.3082676974012
0.084,63460.38,0
0.831,65055.64,9.51051903575725
1.03,8787,5.52545293913178
0.916,46806.46,8.1318247850072
-1.042,7482,0
0.82,24401.21,0
-0.517,14348,0
-0.85,408902.74,11.085996650738
-0.357,5700,0
-1.225,164713.19,8.96839619119826
-1.225,105295.61,7.60140233458373
-0.581,150318.25,9.41336284529417
-0.581,411751.58,10.7055115592815
-0.974,94468.12,10.0235346898456
-0.974,201162.23,10.5711430638449
-0.861,1346514.37,12.158437808713
-1.019,537244.64,9.73364777324423
-1.019,1474774.99,10.3326366346484
1.385,269883.07,7.95542508891267
1.385,299253.55,0
-0.56,193889.61,8.85794198480471
-0.24,168659.63,0
-0.928,12726,7.88269220628903
-0.854,387282.27,11.4668919976182
-0.854,238962.76,10.7144399907278
0.113,73451.83,8.35490952835879
-0.831,2059525.61,11.1198976915657
-0.409,7800,8.5173931714189
-0.82,1483795.98,11.4980319044642
-0.381,1088645.41,13.480738107887
1.111,27975,3.93182563272433
-1.058,109.5,0
-1.157,9827,0
-0.891,153933.73,10.1656979590142
0.84,47571.06,0
0.921,92085,9.04793908261736
0.921,6072.66,0
1.409,5266,0
1.409,30578,8.00670084544037
-0.842,20100,0
-0.842,22000,0
0.782,19723.99,0
0.82,18100,6.39859493453521
1.192,123025.09,0
1.283,16245,3.93182563272433
1.283,7670,0
1.15,334213.11,8.07273254480108
0.523,68338.95,0
0.907,745843.95,0
1.557,4826.26,0
1.121,63209.57,0
-0.956,2161248.74,12.1542699056078
-0.956,177.76,0
-0.559,318563.67,0
-0.888,216630,0
1.477,30177.45,7.650168700845
0.83,481009.84,7.82444593087762
0.979,1352828.98,9.45336497888354
-1.155,27561.9,0
-0.57,44386.09,6.90875477931522
-0.57,5592.48,0
-1.168,19505.01,0
-0.825,51446.36,8.8538082749772
-0.759,175118.39,9.77001330113616
-0.759,13405.62,0
1.403,157278.45,0
1.444,2991934,11.2391594468449
1.444,124469.56,5.82416952433065
-0.226,68670.42,0
-0.226,276472,0
1.385,34135.99,0
-0.899,1051657.59,10.8857719962441
-0.385,298366.03,0
2.229,98953.01,0
0.33,7741,0
1.237,1499054.71,12.1259628522731
1.237,927771.79,13.1058137649135
1.467,21141.77,0
1.268,1424134.5,8.16685526893339
1.606,372316.4,0
1.43,166493.24,0
-0.852,35302.51,5.70711026474888
-0.852,74450,0
-0.427,375.52,0
-1.203,1728.56,0
-0.364,600450.89,12.5653227708413
-0.364,436661,12.1145109314417
-0.364,485724.07,12.3809836032036
1.192,88859.77,7.60140233458373
1.192,173525.18,0
-1.015,58582.45,0
1.537,131384.85,0
1.537,183785.09,0
-0.795,22894.26,0
-1.097,12771,0
2.394,47757,0
-0.837,301255.87,11.2922912626048
1.203,2712704.43,14.1083396368238
1.203,301377.54,10.1658902778025
-1.065,67742.37,8.98419231164167
1.514,227263.06,9.33420266919714
-0.625,10215,0
0.082,1494240.05,7.82444593087762
0.082,500,0
1.55,123849.5,7.82444593087762
0.643,131860.36,0
1.112,268991.74,10.6862697486674
1.287,76000,7.82444593087762
1.102,27450,0
1.199,109515.68,0
-0.886,85380,7.60140233458373
-0.74,167101.75,6.62140565176413
-0.314,19251.62,0
-0.314,12935.2,0
1.517,4312,0
-1.656,9949,0
-0.981,62700.11,0
-0.981,55062.52,0
-0.677,866594.58,11.2997446206702
-0.677,2116036.51,12.820144881233
1.467,79386.9,8.00670084544037
1.605,26840.32,0
-1.01,108214.7,8.90666440977005
-0.761,876469.57,11.4880948203539
-0.761,6335,5.52545293913178
-0.966,35066.96,8.42591088881232
-1.249,50158,0
-1.126,86880.29,8.39911886333834
-0.803,2511,0
-0.938,49987.29,0
-1.059,4547.5,0
1.415,1469112.68,12.1448696220968
1.415,1273941.57,12.0423504041076
-0.988,534309.31,10.2559385883216
-0.988,5751.88,0
1.171,7024.14,0
0.899,115731.37,8.77971129020447
-0.2,72666.99,7.00397413672268
-0.893,331322.79,9.66940943616914
-0.697,2875991.58,13.3264147066248
-0.697,2123667.57,13.6875495305795
-0.222,400169.79,7.88269220628903
-0.624,443651.83,8.69968140098951
1.236,23937.15,7.53989901598175
-0.846,515712.7,0
-0.381,308731,6.90875477931522
-0.205,36603.64,0
1.337,9239.77,0
-0.5,25138,0
0.101,29655,0
-0.476,117417.6,6.90875477931522
-0.934,3036063.25,13.0572025400015
1.19,5331366.52,14.4730414416509
1.512,126961.94,0
1.262,96107.08,8.69968140098951
1.461,172713.04,0
1.281,15930.86,0
1.227,107855.2,8.16080392095467
1.671,27522.34,0
1.202,285891.83,9.5819728915479
1.202,6625,0
1.134,6597,0
-0.552,330274.09,12.188422799337
-0.552,253470.59,11.933416778733
-0.124,84872.49,0
-0.452,68725.05,9.77001330113616
-0.452,1200,0
1.36,11492,0
1.204,719655.49,11.3574161459439
1.593,5181,0
1.593,28832.18,5.30330490805908
-1.048,204435.25,3.93182563272433
-0.682,64535,0
1.632,14119,0
1.573,612733.96,0
1.573,75387.49,0
1.165,231966.05,7.13169851046691
0.683,1006263.98,12.5443325690009
0.683,1273706.25,13.5167977635136
1.048,203689.99,9.30574145673943
1.206,104326,0
-0.702,115784.08,10.3766424612808
-1.072,202163.57,9.50777473587064
-1.072,345390.59,10.3526620027617
-0.627,63800,0
-0.627,206953,0
1.496,71571.76,0
1.312,25825,4.61512051684126
-1.303,18254,7.77148876011762
1.488,10756,0
1.488,1862,0
-1.213,236911.9,9.55400099583723
1.524,11177,0
1.524,33301.55,0
1.147,91776.01,9.05963375455148
1.355,7860,0
-0.645,156843.56,3.2088254890147
0.985,14175.16,0
1.681,22259.04,0
1.485,308424.01,9.21044036697652
1.485,2225,0
1.671,17754,3.93182563272433
-1.195,13918,8.00670084544037
1.407,1195305.46,12.5911739108902
1.407,1053488.02,12.5805524627789
1.233,848508.14,0
1.347,470648.84,11.2708539037705
-0.986,278511.58,11.0457338782243
-1.081,528203.11,10.8723517590174
-1.081,1453.2,0
-1.137,23113,7.82444593087762
-1.153,6924,0
-0.141,1994420.21,13.0079643594957
-0.141,80.9,0
1.252,1976827.05,13.3367101906213
1.252,1754211.91,13.16045774493
0.94,561123.03,11.2408173530304
-0.664,58649.67,7.650168700845
0.789,572527.12,8.00670084544037
0.789,1575,0
1.964,18458,7.09090982207998
-1.372,20038,0
1.056,595147.39,12.1988684072111
1.056,1091.87,0
0.983,1654134.02,13.0114691791276
0.983,1279545.54,13.561994444896
-0.987,19390.08,0
1.533,206908.19,9.35018926709258
1.582,3605.76,0
-0.817,61311.93,9.87822102528824
-0.951,197378.52,0
-0.923,37666.34,0
1.214,463873.44,8.69968140098951
-0.857,1605996.95,13.1414814567255
1.678,38049,0
-1.004,246846.83,8.92279162396964
0.977,111269.03,8.65712903171375
1.389,107333.44,7.31388683163346
1.389,700,0
1.644,273769.71,0
0.958,96869.57,0
1.413,382004.01,0
-1.087,105527.33,9.89601772269504
1.126,68709.37,8.43381158247719
-1.005,28479.57,0
-1.263,22979,0
1.206,242272.54,0
1.027,420766.94,8.88889466937159
-0.971,45,0
-0.522,75652.83,9.75851958228352
-1.222,76326,0
0.715,893210.3,10.6832710397556
-0.88,3172597.42,13.3433052748564
-0.772,667766.05,9.66465913430174
-1.023,93719.65,9.19134204114687
0.003,72845.44,8.61268517287546
-1.117,149769.9,0
-1.117,3937.39,0
1.334,15502,0
-1.097,100644.06,7.52563997504154
-0.801,79382.92,10.3199892000392
-1.134,5919,0
-1.134,804,0
1.091,252554.04,9.29201252062021
-0.817,1910135.24,12.3283408521968
-0.942,47739,0
1.076,8840,0
1.489,2846,0
0.736,143586.35,8.68287710705717
-0.361,951732.66,13.0132709735727
-0.882,3318.96,0
-0.468,121807.39,5.01727983681492
-0.601,281524.4,10.0363124456486
-0.907,427488.35,10.7331522876976
-1.035,2114731.96,12.562672316636
1.27,196307.97,0
1.176,35278,0
1.138,122886.07,0
1.832,1464,0
1.622,61218.73,7.22693601849329
1.346,2342228.83,13.4835036966983
1.346,1308463.15,13.0436864449684
1.346,1970816.16,13.7446291149626
-1.115,73843.36,8.68287710705717
1.404,165676.32,8.5173931714189
-1.146,14275.59,0
-0.991,3158135.43,13.175140383547
1.056,221665.5,9.59103043076283
-0.631,784904.31,11.0202835116379
1.312,1103175.5,11.0230945681247
1.076,2060858.58,12.8121657209149
-1.152,182204.42,0
0.981,262812.81,7.60140233458373
0.648,147620.51,8.92279162396964
-0.224,41250,0
-0.853,15949,0
0.838,147112.11,8.50835424274903
-0.36,6604.62,0
-0.36,66109.61,0
-0.859,780693.78,11.5781231438156
-0.284,1219140.66,13.1043670302016
-0.573,644570.01,11.4679385592358
1.458,32471.39,0
0.882,17795,0
-0.516,202108.61,8.5173931714189
1.3,12370,0
-0.638,798855.36,9.77001330113616
-1.14,738,0
-0.874,12040,0
0.046,163619,9.00589589809446
0.833,1127781.71,11.7806675506925
0.133,322963,9.77001330113616
0.992,104265.51,8.00670084544037
1.385,2967556.89,13.0400019001279
1.041,656796.71,10.7435374238818
-0.492,719747.1,10.8302748027096
1.506,26883.53,6.90875477931522
0.842,231827,8.5173931714189
0.226,137410.38,9.30574145673943
1.291,1901728.19,0
0.105,128066.33,8.69968140098951
-1.126,37603.9,6.62140565176413
-0.804,111790,0
1.823,12632,0
-0.431,1457036.89,12.0127973146022
-0.431,3019.95,0
-0.933,5658.5,0
-0.597,19500,0
-0.217,820983.42,9.21044036697652
-1.124,79053.88,7.82444593087762
-1.086,160509.79,9.87822102528824
1.104,4780,0
-1.047,9747.89,0
-0.568,61435,0
1.214,353433.16,0
1.214,56222.89,6.21660610108486
-1.033,5309495.24,13.4980452007433
-1.033,3241320.92,13.7813741235334
-1.033,385884.26,12.188422799337
-0.612,62346.3,8.53719187792293
-0.784,3572635.06,13.2759644891038
-0.536,139932.71,10.0562515570878
-0.678,311618.73,11.1436572721739
0.695,315249.26,10.5881236160776
-0.348,90728.29,8.56617381363786
-0.923,7455,0
-0.81,1510236.51,9.40104337279805
0.987,753146.76,11.8723536153554
1.508,25214.69,0
1.047,188763.7,0
-0.918,1008200.63,12.1420246707217
-1.137,41819.28,0
-1.072,25020.95,0
-1.15,26682.77,5.62040086571715
1.433,499282.24,9.18660182911651
-1.014,5900,0
0.88,2550357.2,13.8871121145382
1.479,173899.35,10.1787817106406
-1.174,13633.02,6.68586094706836
-1.133,43076,0
-1.016,42278.76,8.67436786578824
1.422,388095.04,9.02413126845503
1.33,1755487.43,12.7993608160269
1.22,388226.29,8.62090434762828
-1.053,2364.18,3.64362054770832
1.182,992262.07,11.6203211382891
-0.673,148371.64,10.4226086733262
1.154,524323.97,11.7169972610362
0.146,309603.49,9.21044036697652
1.232,34477.63,7.60140233458373
1.248,730380,0
1.458,857538,12.9690351192956
1.458,845472.15,12.294774675893
1.458,945520.99,12.0868466130044
1.234,1653986.34,13.1360702081252
-0.682,264191.25,10.320584744874
1.186,180479.19,0
1.197,1155295.46,12.7026029057455
0.936,425152.66,9.35018926709258
-0.859,1973.57,0
-0.859,6293,6.62140565176413
1.38,6477.52,0
1.38,2943,0
0.493,32096.53,0
1.032,608306.08,10.4135781062043
-0.548,1649992.08,12.9781572693377
-0.712,941304.58,12.0279935766443
-1.019,317115.47,0
-0.652,10161.06,0
-1.328,9668.02,0
-0.837,6125.88,0
1.472,276760.21,8.95557714628151
1.939,46907.57,0
1.625,76562.96,0
0.805,1177501.27,11.4300980502633
1.284,39831.5,0
1.097,65845.6,0
-1.055,2555285.17,12.6045106210748
-0.904,535410.42,9.6389358974732
-0.88,240675.09,8.89337365969691
-0.584,2900350.58,12.2605655656515
-0.883,28252,8.5173931714189
0.794,41261.97,8.36077327214494
-0.517,132276.22,8.00670084544037
-0.849,291231.22,6.21660610108486
0.798,40977.35,0
-0.863,197991.31,7.60140233458373
-0.862,2064534.58,13.1812276554303
-0.91,2576893.05,13.1913838458438
-0.91,812267.72,11.4860782829612
-1.033,7690.08,0
1.252,67252.81,0
0.908,413006.51,8.94910546953925
0.547,63538.4,8.69131455164485
0.155,84057.34,7.82444593087762
-0.382,1581291.69,8.61268517287546
-0.917,4811520.19,13.6028912569384
1.472,1045808.6,12.5161770725588
1.532,52677.38,7.82444593087762
1.213,851389.09,8.5173931714189
1.199,419865.23,0
-1.288,4743,0
-0.804,82390.5,8.95929876361939
-0.937,463311.27,11.6082447356423
-1.055,9815.47,6.73507905603944
1.534,359522.13,0
1.534,140282.6,0
1.534,124450.53,0
1.153,1104907.86,13.0932620105233
1.182,481355,10.0301642553626
1.355,526765.41,9.10509096125709
1.199,247121.35,8.77971129020447
1.369,462392.04,0
0.895,181600,6.90875477931522
1.428,538358,0
0.948,140365,8.5173931714189
0.917,316231.96,9.74102744483773
1.122,218790.27,7.82444593087762
1.545,27100.28,0
-0.786,29860.28,8.29429960885724
1.403,535238.12,9.78700991447743
1.449,187781.57,8.00670084544037
1.7,154532.32,0
0.975,359680.06,11.1049722641249
1.596,88749.16,7.93773177526011
-0.651,95312.54,8.24301946898925
1.068,81910.85,8.00670084544037
-0.859,391349.83,8.77971129020447
0.928,1607044.1,13.2130282389507
-1.002,2031306.36,8.16080392095467
-1.046,2210,0
-1.046,81517.98,6.90875477931522
-0.419,4799702.17,13.39198580678
-0.581,968084.47,10.892117550468
-0.581,416709.1,7.60140233458373
0.915,6415,0
1.44,959797,7.31388683163346
1.44,1,0
1.495,98903.73,0
1.527,31928.35,0
2.115,31504.87,7.24494154633701
1.435,3076055.14,0
0.602,977617.22,12.1945110673149
1.348,255488.7,0
-0.74,772671.68,0
-1.116,1124150.45,10.7655702198887
-0.725,1651680.38,9.98741501247141
-0.593,335137.59,8.9947928972836
-0.985,140894.98,9.39274525863144
-0.707,1707348.88,11.3782620032258
-0.804,3897881.86,12.9472334030795
-0.624,376956.35,11.371661394966
0.66,451163.28,9.27105910701089
0.369,1993452.67,13.592222233671
-1.314,14241,0
-0.541,249243.5,10.8738118209027
-0.651,94776.28,0
-0.614,942504.16,11.6320498228738
-0.904,315943.05,0
-0.747,20796.88,5.52545293913178
1.46,140501.73,0
1.397,23635,0
0.792,3025560.29,13.1146478088088
0.549,1990055.72,8.10046489102936
-0.882,1243257.67,12.0165535283315
-1.04,1645756.58,12.6040281604269
-1.034,310230.53,9.04841891101735
-0.927,1490226.81,12.7234679615315
1.28,4859.07,8.48694014824522
-0.903,793.53,0
2.032,2580.89,4.61512051684126
-0.981,7728.65,7.80425138352811
1.272,202866,0
0.957,501672.33,10.7579241570616
2.08,6615,0
2.247,20000,0
1.024,315411.94,11.016738997299
1.531,5501.77,0
-0.839,389218.1,9.81197515203002
-0.673,63242.5,0
-0.753,6681.5,0
-0.465,514964.63,6.90875477931522
0.046,40860,0
-0.837,2848701.4,13.3313125515077
-0.297,422488.98,8.98732181285012
-1.115,349057.59,5.31118423225486
-0.374,12185.98,0
-0.952,1193732.4,12.4243041524834
-0.919,63296,0
1.21,138994.72,8.20275638165564
-0.095,26254.5,0
0.387,941389.09,10.8068450089984
1.307,50005.71,0
1.06,1707147.18,8.5173931714189
1.199,1118763.92,12.8202210441698
1.199,1131999.66,13.2109162323727
1.582,73918.58,0
2.278,10025.64,0
1.741,13568,0
1.332,124845.24,0
1.531,109102,0
1.531,124871.65,7.82444593087762
0.744,80513.11,0
-0.935,39642.9,6.21660610108486
1.358,19875,0
1.52,36335.71,0
1.214,1593170.88,12.8954914844541
1.37,1899,0
1.37,156,0
1.198,417421.42,11.7276725040297
1.198,99.95,0
-1.176,1867.39,0
1.626,6982.98,0
-1.02,21914.69,7.34665516317654
1.42,196605.72,0
1.544,103545.5,0
1.999,13835.46,0
1.537,6820,0
-1.088,20791.25,4.57522630961502
-0.944,1390351.28,12.007701581665
1.498,153279.07,6.21660610108486
-1.155,13285.57,0
-1.303,18814,0
-1.303,10953,0
-1.13,654259.79,10.0277402811888
-1.13,1560.93,0
-1.293,20001.59,0
-1.293,24444.42,0
-0.806,147069.37,0
-1.066,1066990.64,12.740015250988
1.072,46500,8.00670084544037
0.492,8950,0
-0.993,6500,0
1.578,4500,0
-0.418,26772.94,0
1.225,200,0
1.365,0.09,0
1.122,100,0
-1.44,42739.33,0
-1.26,13506,0
-1.09,131.52,0
-0.69,2521898.96,13.6831565177027
-0.69,733850.98,13.1461452339189
-0.69,11425.19,0
-0.918,5609.48,0
-0.918,300,0
-1.238,35743.12,0
-1.07,32126.35,0
1.013,986170.44,13.306029030496
1.013,1269096.3,13.6516091674251
1.013,1203940.64,13.5916596565369
0.609,5158.68,0
1.284,28074.34,0
1.367,7100,7.1708884785125
1.367,1617.79,0
-0.808,1780732.61,12.1403558838731
-0.922,15904,7.23345541862144
1.34,19359330.67,13.3842925472319
1.34,29671.55,0
-0.602,1395067.73,12.687894136697
-0.602,3765189.51,13.8675508442839
-0.602,1379367.35,12.6632773101028
0.893,3178.99,0
1.414,193325.25,9.2544529465945
1.416,57812.32,0
1.34,940287.64,12.2136984946896
1.34,5000,0
1.27,4775,6.90875477931522
0.898,121580,9.31298720893633
0.898,54776.86,8.5173931714189
0.898,60549.08,8.69968140098951
1.18,3210,0
1.18,13138.75,0
1.18,199,0
0.746,404116,10.5584394939645
1.647,2414.13,0
1.647,636,0
1.509,13076,6.90875477931522
1.509,6030,0
0.689,5062.5,0
-0.241,937451.41,13.3250377369176
-0.241,1300571.7,13.7247573015952
-0.241,1404764.61,13.8174978619669
0.171,7450,0
0.171,920,0
-1.042,27928.46,0
0.96,1595563.24,12.9907809414721
0.96,1296624.88,13.03946284838
0.96,1293839.02,13.0891361569369
1.085,521890.66,11.4185598389345
1.325,252666.58,9.51421562432271
1.231,5682.25,0
-1.09,393,0
-0.423,6451,0
0.339,6.29,0
-0.28,111144.58,10.5134982028184
-0.28,104832.54,9.04793908261736
-0.28,46910.6,8.16080392095467
-1.09,25525.76,5.42053499927229
1.21,745.44,0
1.215,63370,0
1.087,1325,0
0.507,2600,7.60140233458373
0.507,1500,0
1.231,1280694.96,9.59906615608005
1.231,62190.14,0
-0.867,1818730.01,13.1495221951896
-0.867,1683360.03,13.585512832877
-0.867,1885721.53,13.6105457671684
-0.942,10.89,0
-0.881,15000,0
1.064,1861021.61,12.8067860928439
1.064,4412494.79,14.0796181327521
-0.644,10987.59,0
-0.642,3.62,0
-0.642,1934.95,0
-0.56,2479667.18,12.9093706318963
-0.56,17203.33,0
-0.583,14.5,0
0.1,2500,0
1.037,90643.95,8.94910546953925
0.642,1096314.9,13.2617415939922
0.642,1326286.8,13.3172421940902
0.642,346242.02,12.4853039733122
1.077,99627.65,7.68524360797583
0.846,1435521.13,12.5951863958541
0.846,961191.07,13.004934306595
0.846,1173542.34,13.5547378263362
-1.544,6574.1,0
-1.544,6976,0
-1.544,7327.09,0
0.087,3046.89,0
-1.035,5732,0
-0.667,581390.56,11.2992511882261
-0.667,4258.55,0
-0.829,15200,6.90875477931522
0.821,2748358.32,14.1872322398253
0.821,2736492.85,14.2417667523944
0.821,2981164.65,14.3759102100265
1.207,3069.53,0
1.033,8932,8.16080392095467
0.531,5393.33,0
-0.006,1769154.44,11.7695115292847
-0.006,575147.33,11.1704492404313
-0.006,58600,10.4297238200016
1.739,12073,0
-0.682,18372,0
-1.391,539.68,0
0.975,53601.41,7.13169851046691
1.384,3250,0
-0.988,32801.23,7.69893619981345
1.494,35680.19,0
0.852,190741.31,8.5173931714189
0.583,10400,0
1.174,64045.27,0
1.174,4056,0
-1.145,570677.61,8.77971129020447
-1.145,9000,0
1.363,19791.4,0
1.757,7325,0
1.581,28223.14,8.17498453294309
1.581,42322.99,5.52545293913178
-0.565,101.54,0
1.571,59363.15,0
1.5,4887.57,0
1.515,4880,0
-1.068,2056.2,0
-1.037,3006,0
1.049,4718,0
-1.102,2505,0
-1.139,1197,0
1.717,4800,0
1.548,13657.96,0
-1.403,29199.64,0
2.174,12470.02,0
-1.173,145,0
-0.547,5008.47,0
-0.809,600,0
1.543,21930.59,0
-1.121,2196.9,0
1.19,2963,0
1.778,4606.12,0
-0.749,558266.91,12.3284842859824
-1.167,2005,0
-1.025,875,0
-1.175,3043.42,0
0.45,38779.86,0
1.442,1167.73,0
1.427,2065,0
-1.04,12332.4,5.52545293913178
0.942,10223.57,0
-1.109,1381.05,0
1.409,3025.45,0
-0.952,23006.09,0
-0.878,34227.26,0
-0.826,175143.56,6.21660610108486
1.394,62880.76,4.61512051684126
-1.054,2524.03,0
-1.052,60,0
0.71,28633.2,6.74641212857337
-0.786,96.05,0
1.448,41488.7,0
1.149,35656,7.31388683163346
-0.997,36273,0
1.56,25372.06,0
0.61,9225.39,0
-0.323,242596.76,8.5173931714189
1.557,18341.36,8.5173931714189
-0.68,362642.69,8.52734152246805
0.805,12361.77,4.61512051684126
-1.035,186.97,0
1.18,16560.66,6.21660610108486
-1.143,29481,0
-1.199,222631.4,0
-1.002,10170.21,7.86838054916533
-0.336,7985,0
-0.156,5455.55,0
-1.318,62320.27,0
-1.068,51721.44,6.21660610108486
1.181,6211.4,0
-0.969,32121.46,8.00983820468267
-1.113,16260.36,0
1.385,110310.93,0
1.312,55374,4.61512051684126
-1.006,24212.96,0
-0.963,108.79,0
1.34,2192220.49,12.8131743461081
1.757,5093.48,0
1.328,44268.95,0
1.47,7105,0
-1.024,1393.71,0
-1.383,2429.63,0
-1.371,21261.45,0
1.648,2561,0
-0.751,0.96,0
0.455,5128.33,0
0.726,12084.95,0
-1.072,13895.81,6.97634807044775
1.66,3398,6.5875500148248
-1.071,1829.9,0
0.857,29015.66,0
1.599,8564.85,0
1.627,243.72,0
-1.064,25854.68,6.97574097677323
-1.039,4219.8,0
-1.079,3219.22,0
-1.025,62320.92,8.24832240537139
-1.103,166.8,0
1.194,257176.31,11.5338059425496
-1.044,17407.28,6.97844670710467
-1.009,22825.91,0
-0.98,4519.75,0
-1.004,1495,0
1.419,125710.85,0
-1.216,4085,0
1.249,21760,0
0.131,26341.78,0
1.641,24030,0
1.122,570,0
1.554,19011.1,0
-1.033,21714.39,8.45371437525962
-0.622,1652,0
1.733,5126.11,0
-1.047,134648.22,7.93773177526011
-0.712,67432.79,0
1.403,36519.78,0
-1.042,1132.33,0
1.24,108161.18,0
0.118,99780.19,7.00397413672268
-0.09,474677.18,8.5173931714189
-1.207,20624,0
1.799,297657.28,0
-0.632,187642.23,8.90666440977005
0.164,64791.68,0
1.117,269226.13,9.15915233520675
1.164,36950,0
1.214,16605,0
-1.079,64867.45,0
1.246,39106.5,6.21660610108486
0.906,2951,0
-1.126,31291.31,0
-1.066,3010031.82,12.8606513581787
-1.308,115552.85,3.93182563272433
-0.861,2848448.67,12.9208273921313
-1.101,5655.73,0
2.171,18954.11,0
1.086,146721.7,8.07899825868515
0.683,57119.47,0
1.44,98387.92,8.5173931714189
0.713,87969,7.82444593087762
1.66,542438.63,0
-0.992,587047.69,0
1.485,4637.82,0
1.56,331518.47,8.98732181285012
1.836,10414.8,0
-1.111,28317.41,8.5173931714189
-0.17,390998.62,8.17498453294309
-1.042,55579.27,7.43897159239586
-1.113,54102.36,0
1.929,52525,0
1.425,274319.86,8.5173931714189
1.324,2171269.25,8.41205487329293
1.549,4954.13,0
1.445,27622,0
0.918,117148.79,0
1.556,17567.1,0
-0.001,20363.41,0
-0.658,351515.31,9.95232533461943
-0.305,2426195,12.5719753821265
-1.368,10515,0
1.603,174147.65,0
1.536,87837.48,0
0.787,182520.83,7.90137735379262
1.555,8685.1,0
-1.536,19543.93,0
-1.027,14417.05,0
0.956,366249,0
-1.064,95568.25,5.30330490805908
-0.741,100747.12,7.986504938554
0.385,147228.74,6.90875477931522
-0.178,409651.02,0
-0.622,210962.86,6.90875477931522
0.026,286447.75,6.3297209055227
1.072,1728569.42,13.1352282686781
1.365,659814.92,0
-0.001,11326,0
-0.802,425100.82,9.86271763999292
-0.533,1534200.26,12.836108446102
1.015,47138.87,0
1.342,279932.23,10.1445103139376
1.592,163603.28,0
1.53,32384.39,6.77466950134222
1.315,977808.93,12.2840058528485
0.98,351006.68,10.4773161440809
-0.746,329800.99,9.21044036697652
-1.211,3575,0
1.037,253669.9,8.69968140098951
-0.995,435446.55,6.90875477931522
1.262,36240,0
0.525,53195,4.61512051684126
0.941,39439.76,6.31173480915291
0.822,224658.09,9.75967491717028
0.84,64506.68,0
-0.889,16110,0
-0.351,419868.27,0
-0.745,33097.56,0
-0.51,73454,9.61587214452889
-0.494,2410013.78,12.7767173620553
-0.287,836633.81,9.61587214452889
-0.881,826085.88,9.04793908261736
0.448,1179479.64,12.5084006902035
0.334,27720,0
1.402,520944.4,9.21044036697652
-0.968,209819.06,11.00788308596
1.387,9614,0
1.381,277626.96,0
-1.087,320853.43,8.84123997946318
1.102,213282.85,8.00670084544037
-1.111,84665.84,6.90875477931522
1.541,6585,0
-1.163,47956,0
-1.16,60264.42,0
-0.917,407264.3,7.34665516317654
1.976,31090.71,0
0.931,115969.32,0
-1.006,21731.3,3.93182563272433
-1.051,2760222.95,12.7872762171219
-0.795,61077.05,10.0900086123938
-1.082,217312.08,7.31388683163346
1.472,65628.55,6.68586094706836
1.137,438300.53,11.2515736877645
1.236,155420.51,0
1.491,104143.75,8.62622695244036
0.796,15150,0
-1.126,73891.42,6.90875477931522
0.531,22701.65,0
1.007,189499.67,0
1.159,569907.75,9.69615644793314
0.922,584161.42,6.21660610108486
0.977,3602039.04,12.562000810699
1.467,58255,0
-0.935,663102.74,11.886092080644
-1.11,22919.33,7.71912984090673
1.673,21371.59,0
1.137,77295,0
1.14,202329.6,8.50734485536142
-0.99,100443.41,9.45336497888354
1.389,202857.66,6.90875477931522
-0.716,202807.69,9.32821229257107
-0.576,891645.58,0
-1.141,3899072.43,9.55754057195237
0.864,90940.52,0
0.157,10873242.18,10.1266711030504
0.566,2081442.29,13.080264922722
1.3,1893.77,0
-0.662,2133927.8,7.60140233458373
-0.59,31123.5,0
-1.087,40825,0
1.142,151347.37,5.52545293913178
-0.098,46647.34,0
0.938,18588.96,0
-0.023,24299.36,8.8538082749772
-1.006,21442.66,0
-0.674,771856.03,10.236059335124
-0.851,1576041.65,12.8046158618569
1.173,109862.67,7.87552208853796
1.442,15782,0
1.505,167116.24,0
0.513,14502.5,0
1.029,1451738.2,12.1694837102096
1.406,76403.12,7.31388683163346
0.987,67065,7.60140233458373
0.866,362037.43,11.3180898124848
0.953,1000221.25,0
-0.618,43498.27,0
-0.964,1706520.29,13.0317890278324
1.611,220343.98,0
-1.11,40357.4,8.92279162396964
-0.949,774232.31,12.1343299968689
-1.006,15272.95,9.10509096125709
-0.34,1417975.94,12.7287791018678
1.603,4943,0
1.27,4521,0
1.048,1362661.26,12.6918448263644
0.045,27709.03,7.90137735379262
-1.435,16350.98,0
-0.205,10633.02,7.90137735379262
1.115,94477.47,0
1.011,407463.03,11.2185678270964
2.351,18454.97,0
1.478,178766.88,0
-0.795,24584,0
-1.052,7220,0
1.547,48491,0
1.697,13797,0
0.531,49420,0
1.511,51167.66,8.88571765171212
1.308,300448.2,0
-1.093,5386.75,0
1.237,1294238.74,12.1431834302064
-1.041,76721.08,3.25809653802148
1.58,95072,0
-1.091,188039,9.23024103368252
0.617,2206005.88,12.5285094880633
0.956,164726.93,8.35490952835879
-0.376,204300.22,8.53719187792293
-0.408,237966.88,10.8874556242982
-1.036,21193.84,0
1.034,2765648.26,13.3148449130408
1.294,11708.17,0
-1.018,191932.26,9.30085726412824
-0.999,85273.5,8.00670084544037
-0.87,23748.92,0
-0.96,103692.52,7.82444593087762
1.001,81179.34,7.31388683163346
-1.021,247262.03,9.77007043909578
1.228,670296.1,12.5369941122356
-0.682,795103.46,12.8370983016613
-1.303,3188.57,0
-0.386,23558.99,7.00397413672268
-0.686,27339.05,0
1.099,148989.91,7.60140233458373
0.758,365771,8.29429960885724
1.03,3027559.25,0
1.206,848627.21,11.4003165205876
1.427,7812.86,0
-0.719,706808,11.1258060409788
-0.823,6599.97,0
-0.416,1420,0
0.485,2178900.19,13.6140734577779
1.248,116651.42,7.60140233458373
-1.122,48756.88,8.41205487329293
1.469,19110.29,0
1.604,15491.67,0
1.665,18591,0
-1.087,17160.55,7.75619534394812
-1.174,29469.63,7.89346012694061
1.041,22043.99,6.90875477931522
-0.667,11888.64,6.90875477931522
-0.76,247599.48,9.86531828641862
-0.34,3015593.95,0
-0.592,1667279.6,13.0113940282736
0.648,849874.39,10.4688297702736
-1.071,5066156.72,12.8227908933592
-1.166,26905.84,0
-0.77,49221.21,0
-0.922,32149.08,8.75636755980297
-0.046,429359.88,0
0.983,74397.61,7.60140233458373
0.118,47458,0
0.49,152210.22,0
-0.373,447728.45,8.98732181285012
-1.171,8131.68,0
-1.163,4864.97,0
-0.993,1730753.77,13.1661505139428
-1.64,8754.29,0
-0.967,405438.89,9.87822102528824
-1.392,741.03,0
-1.216,14645.49,0
0.611,30739.9,0
0.444,75784.4,8.3986348552921
1.223,60575.5,0
1.355,100710.55,0
1.441,93083.77,7.60140233458373
1.2,134525,8.92279162396964
-0.826,121189.52,8.5173931714189
1.492,19835.65,8.3165911602633
-1.343,13651,0
1.473,25838.96,6.90875477931522
1.755,29031.12,0
1.235,40861,6.63463335786169
-0.945,16620.78,6.90875477931522
-1.372,16882.52,5.70711026474888
1.475,79636.47,8.46611040118692
-0.325,13421964.36,0
1.094,241824.82,8.37470754311948
0.901,863244.6,8.02355239240435
1.405,1201812.45,11.9316423787541
1.117,785184.03,10.1064692120264
1.509,1106466.42,9.07119324056602
0.858,2021228.97,12.6008171595419
1.004,738256.88,9.36742958721896
0.927,161236.7,9.05808622592462
-0.769,455527.89,10.5817494955966
0.817,7525,0
1.592,8498.42,5.50455887978689
-0.674,12275,7.31388683163346
1.541,105754.11,9.01808968410434
-0.978,320424.19,11.2988374135743
1.279,216592.81,9.06021491339854
0.031,129213,5.30330490805908
1.736,11339.39,0
-1.149,16640.97,0
1.168,1258353.98,13.1694489276398
1.132,530547.01,9.278092474027
-1.002,135250,0
0.98,30707.07,0
-1.035,14977,0
-0.667,39917.88,4.61512051684126
1.395,33107.49,0
1.925,10320,0
1.403,444698.96,10.336924443719
0.926,305170.49,9.7981825908907
1.033,206903.3,0
1.324,20845,7.82444593087762
-0.656,258.2,0
1.455,1172645.54,12.3469252972134
1.682,27815.34,0
1.511,54353.6,7.14960281509012
-1.08,14542.37,0
1.515,19253.77,0
-0.862,27447.89,9.16927147197728
1.117,576105,6.90875477931522
0.546,30975,0
-1.816,46132.47,0
1.293,3747.65,0
0.804,77202.3,4.61512051684126
-0.537,70834.33,9.21044036697652
-0.16,43818.89,6.89931980016104
1.016,14233.76,0
1.13,4140.06,0
1.498,8789.5,0
1.251,89883.21,7.31388683163346
1.246,2905,0
-1.186,10240.59,0
1.048,183682,0
1.844,108766,0
1.297,153355.81,8.41205487329293
1.443,995666.43,12.3344724565829
1.052,92351.09,9.47278155656217
-1.112,127884.19,6.21660610108486
1.094,46683.22,0
1.744,4477,0
1.73,17965,0
-0.533,483467.95,11.7612337125477
0.984,429674.61,10.2219776466299
-0.942,1886963.54,12.8831579215584
-1.215,6788.39,0
-1.126,5170,0
-1.767,39245,0
1.525,1506369.32,9.67272316124681
-1.049,5880.26,6.90875477931522
1.481,20994.37,6.90875477931522
1.178,74329.31,9.38792656795887
-1.102,32646.42,7.46794233228585
-1.069,47596.69,7.30965403521069
-0.969,100120.43,6.21660610108486
-1.08,70174.61,0
-0.585,13720,0
1.365,17390,0
-1.111,26094.17,0
0.862,73862.55,0
-0.067,99778.6,0
-1.172,160233.65,0
-1.031,76478.22,7.13169851046691
-1.054,228174.97,9.54688403461792
-0.531,21349,0
0.019,85002.54,8.70513724563965
1.452,611328.76,12.0273077562889
1.396,14956,0
1.24,89181,8.00168997809913
1.443,180743.97,8.01083092536647
1.491,220610,6.90875477931522
-1.21,5571.09,0
1.226,241402.41,0
1.441,116145.99,0
1.338,21148,3.93182563272433
-0.812,48426.12,10.4148430359017
-0.844,30184.5,10.043292972227
1.129,1392239.43,12.8475920810433
1.011,53750,0
1.516,16297.37,0
1.808,27528,0
1.369,395184.52,0
1.619,167029.33,0
1.237,240131.18,10.1206532721638
0.818,234714.05,9.8255800636596
-0.8,61750.03,0
1.152,505278.25,8.16080392095467
1.085,139903.23,7.82444593087762
0.943,12125,0
1.662,21810.52,0
-0.911,1704795.54,12.7731449075951
-1.24,8303.25,0
1.175,5500,0
-0.989,58283.5,0
-1.09,138508.99,9.01201137703641
0.913,4965,0
-0.909,1102309.77,11.1135757695499
-1.061,10737,0
-0.948,18450,0
-1.512,8958.83,0
-0.411,49516.45,7.37838371299671
1.567,528239.04,10.850792144047
1.394,46600,0
1.216,26809.68,0
-0.676,1016496.35,12.8355348605703
1.2,82156,0
1.292,476139.02,10.2923489114775
-0.131,62935.42,0
1.837,8120.56,0
-0.931,3543886.52,12.8304165705535
-1.065,57722.77,7.61726781362835
-0.987,2851527.56,12.9712787324846
-1.111,125640.76,0
-1.161,44823.4,5.48976383111899
-1.159,3904.29,0
-1.372,22845.38,0
-0.945,6172951.83,13.1368239179928
1.481,304518.3,7.71912984090673
1.917,124695.15,0
-0.678,1045706.61,10.3735224312936
-1.24,2943.19,0
-1.174,15331.14,0
-0.827,1140434.18,10.5519249827038
-0.876,124450.12,7.82444593087762
-0.852,11104.83,0
-0.8,21423.71,0
-1.052,7726.74,0
-0.952,902066.46,9.59567079766397
-0.979,85489.36,0
-0.605,133793.68,0
-1.001,5731,0
-0.905,1016874.1,7.82444593087762
-1.011,5972679.56,13.0545700290589
1.595,41941.53,8.82482493917564
-1.135,17806,0
-1.077,95312,0
-1.123,11178.04,0
-1.042,40355.2,0
-0.817,131621.92,9.05753878171822
-1.115,112239.74,7.02199426412621
-1.068,238362.99,7.31388683163346
-0.986,114019.7,6.62140565176413
-1.067,179456.03,7.91046954843552
-0.893,5521.82,0
-1.053,39874.58,0
-1.019,211626.33,9.87454163244395
-1.084,208585.35,9.00064597398598
-1.072,902.72,0
-1.133,15482.37,0
-0.785,6226876.79,12.8108786016088
1.329,110341.74,0
-0.947,620911.73,9.39274525863144
-0.668,1148100.53,8.16080392095467
-1,1319841.25,9.4932633880622
-0.88,18565.14,0
0.077,56282.82,0
-1.035,124934.57,0
-0.719,1536148.54,11.3840505284926
-0.948,586593.59,10.1924506790876
-0.865,126520.49,0
1.786,3180,0
0.435,5398,0
-1.018,306278.41,10.3357649762954
0.708,58171,0
-0.783,14175.86,0
-0.859,237994.18,6.55250788703459
-1.095,75292.07,7.60140233458373
-1.079,48483.6,0
-1.136,30034.41,0
-0.361,1100.6,0
1.421,1082,0
-1.096,93266.98,5.77389915887345
-1.04,238060.53,0
-0.839,554307.14,9.98741501247141
-0.886,4354449.5,13.3998374652131
-0.771,256954.8,0
-1.338,7072.82,0
1.178,487812.1,0
1.352,465139.94,8.95557714628151
-1.044,9804.2,6.21660610108486
-0.909,2250703.47,11.864854906804
-0.846,9252.79,8.31164394850298
-0.957,212609.78,8.77431295828538
-1.96,3198.52,0
-1.431,18395.95,0
-1.393,22247.01,0
-0.81,912351.92,9.62239770355359
-1.161,2147896.37,11.259562754677
-0.978,47679.77,0
-0.919,49985.9,0
-0.366,102075.4,0
-1.13,226273.51,0
-1.035,442,0
-1,35993.63,6.90875477931522
-0.962,2207240.87,12.7700112765016
2.093,64827,0
-0.966,1067042.16,10.2779049638825
-0.89,8610281.63,13.5462004035576
-0.98,9966.51,0
-0.857,696836.72,0
-0.715,96501.4,0
-0.919,387134.63,6.21660610108486
-1.031,292908.73,0
1.36,1268155.42,11.7695115292847
-1.032,2632721.91,12.1551573323303
-1.019,386150.07,10.5510514214741
-1.167,156935.3,0
-1.038,194234.15,9.41540141573963
-1.038,460652.56,9.9950822019347
-1.134,177038.34,8.25141871879313
-1.123,1771.25,0
-0.987,16812.2,0
-1.145,37492.85,0
-0.745,4199606.98,13.1781629751383
1.449,45503.96,0
-1.013,14919.51,0
-1.139,90193.22,5.73395597466375
-1.147,3483.36,6.91869521902047
-1.026,1291787.06,10.9128313734461
-0.964,1364657.7,11.7020959310158
-0.631,1471241.06,11.0194155551639
-0.711,251593.54,8.98719682066197
-1.058,110517.66,0
0.696,6490.07,0
1.512,493480.4,6.90875477931522
1.933,29167.86,0
-1.006,3052,0
-1.014,120052.37,8.5173931714189
-1.117,5275,0
-1.111,1572.2,0
-1.119,26195.74,6.21660610108486
-1.035,80409.88,0
0.841,426593.26,9.39274525863144
1.205,293997.58,9.3439092638976
-1.123,91307.37,8.28496853136584
-0.599,4261,0
-0.988,40141,0
-0.69,110844,6.21660610108486
-1.008,1475693.55,10.9139145026641
-1.136,2583.26,0
-1.031,5996.49,0
-1.192,15050.28,0
-1.14,96833.08,6.90875477931522
1.369,65531,0
0.548,578578,7.60140233458373
-0.262,427448.57,7.60140233458373
-1.139,38399.23,5.57787905776705
-0.959,4507.59,0
-0.78,65807.05,0
-0.86,124888.98,0
-0.818,207825.84,8.98732181285012
-0.925,168918.38,0
-0.977,5712546.74,13.2077006655555
-1.151,15387,5.8636311755981
1.147,533764.12,9.85224688834253
-1.174,137095.77,8.61268517287546
-1.077,38245.93,0
-0.9,758932.09,11.0137154513765
-1.052,4079157.61,12.1556396125906
-1.348,32687.63,0
-1.118,2200,0
-0.708,244289.89,0
-0.966,25113.88,0
-0.764,655052.65,9.30574145673943
-0.945,1236926.94,10.9340172695544
-1.1,6975217.54,13.205417852841
-1.122,159046.35,8.45755783012022
1.478,43984.88,0
-1.134,7470.57,0
-0.999,391152.23,8.53719187792293
1.284,350222.64,10.1266711030504
1.04,61357.6,8.29429960885724
-1.074,495219.91,8.25608813381491
0.996,163325.76,6.90875477931522
-1.041,17660.12,0
-1.044,9233869.01,11.6677448640121
-1.108,110339.6,8.68355472863146
-0.998,8441529.09,12.7659766776335
1.453,19280,0
-1.113,68767.16,8.00670084544037
-1.405,440.13,0
-1.216,97376.41,0
-1.066,804901.59,0
-0.995,24438,0
-1.173,68655.53,7.60140233458373
-1.173,290020.57,0
0.977,1565927.76,12.5085854470271
1.598,21989.38,0
-1.092,4845,5.30330490805908
-1.107,42870.67,5.52545293913178
-1.337,106613.44,7.82444593087762
-0.869,82954.99,0
1.314,11164.31,0
-1.099,287432.23,9.10509096125709
-1.129,2690,0
1.582,100,0
-1.149,68778.3,0
0.959,362407.68,8.77971129020447
-1.093,72216.49,5.80139303685397
-1.131,281511.39,7.31388683163346
-1.024,869873.36,8.63070043220983
1.36,685166.15,10.3997374648497
-0.907,8960,0
-1.098,66498.27,0
-0.956,2039416.09,11.3312656891509
1.317,2597132.09,12.9335028883147
0.996,52225,8.5173931714189
1.236,2940362.08,12.7299161675774
-0.999,6373.59,0
-0.958,9244751.44,13.0539500308175
-0.305,178536.32,8.92943528380342
0.173,186079.34,9.43356392009056
-0.778,1757503.37,8.5173931714189
-1.043,213341.55,0
2.388,19852,0
-0.983,6055213.14,13.14136780387
1.42,67734.2,0
-0.947,8749389.97,13.2335862756687
-1.071,122626.62,8.29429960885724
-0.789,168602.88,6.90875477931522
-0.629,1552000.9,13.5552843013283
1.282,135023.92,0
-1.076,8569626.33,13.3828859624054
-1.23,11183.18,0
1.473,8745,0
-0.976,23576.8,0
-0.981,6112638.83,13.813841385671
-0.958,1975383.62,12.7000902730133
1.411,380210.17,10.2853769241156
-1.103,116276.39,8.77971129020447
-1.034,22619.15,0
-0.771,31422.45,0
-0.995,5949,0
1.823,10328.99,0
-1.164,6204.03,0
1.424,93199.95,8.00670084544037
-0.513,62387.76,8.23312325400933
1.73,4631.71,0
0.798,782595.77,8.99974278983049
-1.742,19829.36,0
0.99,58168.33,0
2.066,29108.21,0
1.276,889.06,5.22068009682088
0.702,170991.74,0
1.431,47391,0
1.291,403923.01,10.9707983547035
1.306,140886.97,8.70797882662232
-0.982,579741.67,11.4322684019524
1.969,79415.75,0
-0.972,10877.51,0
-1.112,47918,0
1.078,834250.36,8.8538082749772
1.063,243900.44,9.43356392009056
0.929,835236.7,12.0200502490692
2.247,103489.24,0
0.901,33620.36,8.5173931714189
1.103,3774123.42,10.0213150316493
1.276,16425,0
1.009,23350,9.15915233520675
1.392,36373.02,8.5173931714189
1.252,32291.15,0
1.166,41805,0
1.537,54357.6,8.57187075270693
0.13,181349.65,0
0.744,85014.29,9.23999625688369
1.533,43892,0
1.357,16813993.53,12.9337685849487
1.634,30109,0
-1.067,14777.47,0
-0.844,112575.05,10.3255147489433
-1.053,157181.77,9.14206153122289
-0.73,28220,0
-0.725,72679.2,0
1.046,105442.61,7.31388683163346
2.243,64001.88,0
0.763,6574.24,0
1.171,17850,0
-0.64,87890.28,0
-1.015,17052.54,0
-0.806,941445.76,0
1.483,432589.75,10.1064692120264
1.178,5147060.3,0
-0.658,119456.2,7.82444593087762
1.067,433484.35,8.92279162396964
-1.094,18657.82,6.21660610108486
-0.458,41670,0
0.843,392853.79,8.29429960885724
1.273,18633.55,6.21660610108486
1.199,13368.06,0
0.445,476615.9,9.21044036697652
0.401,33529,0
-1.408,15390,0
-1.157,10674.1,0
-0.692,8181.02,0
1.579,18601.81,0
-0.998,116472.44,0
1.46,100537.58,0
1.579,2989469.89,11.9742980158914
-0.538,24026.42,0
-1.079,12510.06,0
0.702,26927.34,4.61512051684126
1.035,26836.46,5.92548498817401
0.477,2016070.48,10.3524983026669
1.111,28215,0
1.298,45677.14,0
0.95,20046.08,0
1.291,1136747.13,12.5283227974786
-1.052,251860.59,8.73246584834988
1.327,186934.21,8.5173931714189
1.43,5060,0
0.823,1114214.98,10.7364184143654
1.345,173177,0
1.069,401859.27,9.21044036697652
2.16,88741.27,0
0.937,16330.97,0
-0.927,1026298.18,10.0139142633281
1.306,146944.18,0
-1.176,111876.95,4.87252199196662
1.382,62984.3,0
2.007,210539.26,0
1.096,1045426.18,10.4744953473105
0.819,324898.21,0
1.607,37333.68,0
1.108,27402,0
1.887,18915.31,0
1.121,274010.54,0
1.362,99267.54,0
1.163,1665297.83,12.799678457418
-0.977,1674663.15,11.4787547391394
-0.847,505677.9,10.6805392053183
1.207,2800173.95,8.5173931714189
-1.152,237314.56,0
1.482,142554.2,0
0.109,116835.76,7.82444593087762
0.921,294116.22,0
1.117,377171,6.21660610108486
1.596,126820.06,0
0.914,60700,0
1.066,7259691.99,0
0.759,42379.89,0
1.713,63593.98,0
1.578,14474.33,0
-1.15,13700.5,0
1.194,5430.83,0
2.264,350102.5,0
-0.847,24428.32,0
1.549,18348.47,0
1.417,193724.02,0
1.535,278998.83,0
2.07,20909.82,0
1.491,947208.87,7.9348429224988
1.673,9526.1,0
0.945,2245735.18,12.6918911822639
1.509,39625.3,5.30330490805908
-1.124,11865.72,0
1.425,165296.14,9.35018926709258
-1.036,134843.17,7.71912984090673
1.424,310545.06,8.29429960885724
-1.066,16522.42,0
-1.081,40761.87,0
-0.333,7480.4,0
1.567,7056,0
-1.096,84431.36,4.31602037026128
-0.572,23132,0
1.323,174743,10.3813043294951
1.441,334150,6.90875477931522
1.422,1933971.19,11.9434148379831
-1.095,19901.51,0
-0.852,404625.2,8.18090333816217
-0.931,72360.98,7.85437344965989
1.572,10385.47,0
1.473,63879.77,0
1.129,361629.42,8.5173931714189
1.246,1459715.24,12.0032618505767
0.88,180726,7.60140233458373
1.416,147624.1,9.24965723435313
-1.048,150457.5,0
1.359,256975,6.90875477931522
1.145,346832,8.5173931714189
-0.226,492194.8,8.00670084544037
0.776,64517.78,0
1.343,102008.56,0
-0.931,305168.95,9.74396413201815
1.389,176484,7.60140233458373
-1.016,7625.66,0
-1.281,55789.92,0
-1.169,11770.47,0
-1.016,162489.4,9.7562280737466
-0.939,60549.95,8.62532985002082
0.57,5615,0
-0.619,1083923.14,12.9564698426789
-0.652,70196.09,0
-0.878,136763.01,0
1.524,18286.6,0
2.005,89481.59,0
1.031,21511.64,0
-0.731,780514.76,11.7064342111547
0.161,45890,0
1.887,18650.26,6.21660610108486
-0.774,602081.92,0
-1.256,7916,0
-1.023,50194.24,0
1.505,700256.95,12.081561589921
1.436,75035.24,0
1.362,315384.32,6.90875477931522
1.322,12743.8,0
0.889,16999,0
-1.059,58744.21,4.19358639687175
-0.746,652759.35,10.8337009132506
-0.725,590634.89,12.2795600680399
-0.884,245144.13,9.05476551181872
-1.029,294263.94,8.8538082749772
-0.412,309877.36,10.716659698194
-0.872,6805.46,0
-0.75,68499.61,9.30574145673943
-1.065,10723.72,0
2.003,31746.91,0
1.247,125322.74,0
1.023,314900.72,8.92279162396964
-1.019,97264.43,8.43402895015547
1.357,473248.78,8.98732181285012
1.415,3270606.27,12.6160309773062
-0.204,47272.07,0
1.432,62905.1,7.37838371299671
1.079,188973.69,7.93773177526011
-1.037,68734.44,8.28532418378367
-1.016,149769.7,8.81001204797317
1.045,219942.68,0
-0.786,101484.64,0
1.089,12798.41,0
1.339,99073.29,0
1.458,456638.79,0
1.328,91517.27,0
-0.887,1840565.7,12.5715107208301
0.937,711205,10.6782377612977
0.932,179902.87,7.60140233458373
0.907,382914.55,9.52928489172918
2.29,53755.35,0
1.309,46602.15,8.8538082749772
-0.641,1471156.88,10.0476311856162
1.189,1395022.1,12.1555737723486
-0.842,1238828.14,10.5700597249103
-0.715,1915855.71,9.54688403461792
-0.339,2873219.33,12.0810818210618
-0.49,317602.45,6.90875477931522
-0.897,424265.67,6.90875477931522
-1.097,6283,0
-0.515,11443.95,0
-0.322,975571.34,0
1.218,305377.62,8.92943528380342
-0.83,123669.4,0
1.224,152301.77,7.95542508891267
-0.806,460096.36,6.90875477931522
1.267,136603.34,8.5709235138372
-0.859,71898.11,0
-1.331,3911,4.61512051684126
-1.017,16261,0
-0.982,593012.33,8.16080392095467
1.447,60707.07,3.93182563272433
0.529,68320,0
-1.034,35861,0
1.264,8396,0
1.444,47061.87,8.65712903171375
-1.154,250972.25,0
-1.147,6016.98,0
-0.872,554818.83,9.41970948986855
-0.514,93540,8.16080392095467
-0.928,54219.29,7.82444593087762
0.794,13107.54,0
-0.614,642737.58,0
1.512,8299807.84,9.91219949313815
-0.86,98808.93,9.02413126845503
-0.744,177156.07,0
-1.412,47638.01,0
-0.99,25318.74,0
-1.058,18740.54,8.5173931714189
1.357,1283275.33,12.2238830936761
1.248,227047.1,10.2879332934202
1.441,30970.71,8.68287710705717
1.241,72426.67,9.16962253869762
-1.065,90348.68,5.70711026474888
-0.91,1762854.4,12.1528181133831
1.695,40564.55,0
1.493,30044.7,0
1.382,2112467.47,12.6097725632728
1.349,56830.3,0
1.122,2485337.08,12.3902716055659
1.1,641032.15,9.61587214452889
0.963,1406412.29,11.3356033899145
0.954,102418.5,8.64839687703158
1.529,670608.35,0
1.484,595390.32,0
1.394,39670.45,5.86078622346587
0.744,39370.25,0
1.419,3053799.7,11.8332957583095
-1.053,47740.4,0
1.296,59697.54,8.69968140098951
1.24,102678,9.04141271509037
1.336,66290.9,0
0.185,4674696.83,10.5050949364556
1.443,184492.63,0
-0.946,111679.79,0
-1.004,1560763.97,11.4919674724967
-0.975,54242.41,0
-0.958,401749.9,9.8045508046761
1.551,22051,0
-1.088,17053.05,7.36264527041782
-0.88,4870302.34,13.1850032472437
1.431,197815.22,0
1.539,76947.69,0
-1.126,22530.86,0
-0.761,9164.99,0
-0.983,34330,0
-0.925,2291722.62,12.899192325712
1.211,116320,0
1.834,193233.75,0
1.05,25455.05,5.52545293913178
1.885,28205,0
1.347,119670.7,9.45336497888354
-1.198,35886,7.95542508891267
-0.782,180880.16,10.035420230397
-0.94,35589.89,0
-1.038,3934273.49,12.7243850433312
1.372,73878.49,9.01201137703641
-0.91,825709.6,11.6149821088493
-1.034,2279697.25,11.1274554656325
-1.238,18347,0
1.417,146100,0
-0.903,24844.21,0
1.241,156206,8.63958779962984
1.431,521373.59,11.4948588419463
1.361,996344.78,0
1.582,4718101.59,12.3081823831298
1.291,59140.55,5.52545293913178
-1.005,28328.42,7.82444593087762
0.377,228477,10.207325906556
-0.956,34276.27,7.75605834826327
-0.888,1149035.36,11.1210083173889
1.043,197506.78,8.5850387383113
1.231,1766753.67,12.1508143429819
-1.027,9309,4.83628190695148
2.377,18085.92,0
-0.805,450486.01,10.8157903431324
-0.854,5048012.05,13.2581954514306
0.405,60380,6.90875477931522
-1.031,14268.2,0
0.707,303870,11.6073352395314
1.418,5375,0
-1.031,24280.8,0
-0.067,279590.12,0
-0.172,19000.29,0
1.393,395288.32,9.03252863066006
1.412,41246.22,0
1.064,189935,6.90875477931522
-1.029,460835.25,10.4581878506504
0.557,5130,0
-0.963,81667.75,0
1.556,34063.86,0
-0.845,892366.76,9.90103454637506
0.339,17609.21,0
1.049,166846.39,9.35018926709258
0.985,235568.04,9.42553239350277
0.77,1796629.64,12.9892913078462
1.164,37265,6.90875477931522
1.398,706180.93,9.91768627193594
0.822,15594.96,0
1.336,135303.4,5.52545293913178
0.616,136166.18,7.31388683163346
0.059,225251.23,6.90875477931522
-1.176,7247.17,0
1.478,49974.75,0
0.433,14330,8.5173931714189
-1.088,6572.9,0
1.258,151819.57,7.60140233458373
1.335,41348.2,8.02322468471667
-0.542,29642.95,0
-0.883,38594.45,0
-1.211,418558.45,9.17364422941117
1.036,3552126.78,10.2036291813376
0.323,71110.38,0
0.245,254784,4.61512051684126
0.922,1615336.2,6.21660610108486
-0.762,1069648.18,9.59546670908882
-0.084,432738.89,10.5571399823979
-0.887,369865.9,8.29429960885724
1.673,36927.87,0
-0.629,131046.98,6.21660610108486
-0.478,5727182.22,6.90875477931522
-0.754,1545466.76,10.639478682088
-1.002,77512.38,8.5173931714189
1.252,41823.4,0
1.241,154791.02,8.85152027169106
1.06,54731.96,8.75715452765661
0.957,301375.86,0
-1.041,231258.06,6.89441671454296
-0.965,292439.94,7.82444593087762
0.549,109116.12,5.52545293913178
1.39,134898.16,7.49609734517596
-1.107,6279.71,0
-0.691,66114.2,8.61268517287546
-0.997,2069987.75,12.4921984701562
-0.939,1040754.24,9.27431748555402
1.321,164412.46,0
-1.105,11575.14,0
-0.934,580130.41,10.3766424612808
1.631,5450,0
-0.899,194355.24,9.17957390079597
-0.987,56016.96,8.46821300919452
-1.041,12943.38,0
1.296,11535.23,0
1.419,59497.52,0
1.245,632956.65,6.90875477931522
1.306,656965.67,9.54688403461792
1.108,301114.1,0
0.91,1452634.25,12.6454811688822
-1.193,24778.93,0
0.792,998842.48,0
0.962,1599076.22,10.6572828840475
1.698,14000,0
0.469,8885.29,0
1.573,17681,8.58727879898293
-1.117,19926.04,0
1.44,108445.69,8.56617381363786
1.443,1033900.56,10.5714707594325
1.266,14238.43,0
1.232,25210.44,0
1.413,306054.39,6.21660610108486
-0.297,352257.8,0
1.326,205577.79,10.0791670999415
0.507,12066.7,0
1.339,1540748.56,12.1510109966473
-1.081,28733.44,6.5141940378768
-1.024,60348.4,0.708035793053696
-1.145,12852.26,0
-1.018,60402.94,8.5173931714189
-0.987,593634.9,11.2743637878698
1.436,30984.7,0
1.447,64885.2,9.05963375455148
1.458,3991543.49,12.6317618607269
-1.216,80746.92,0
-0.688,26166.79,0
0.869,56749.2,0
1.384,7192,0
-1.087,7713.94,0
-0.944,150747.75,9.58218664706067
-0.732,487658.58,10.1266711030504
-0.771,6433.99,0
-1.03,185084.45,7.32712329225929
1.213,485490.77,10.7254895827195
0.984,949544.6,9.21044036697652
1.566,63028.71,0
2.119,1123643.6,0
1.392,338960.1,10.2453381569156
1.327,2128671.5,12.3140342753555
1.038,394734.75,8.64839687703158
0.867,55349.99,0
-1.033,155726.3,9.53249633228804
-1.152,27974.74,0
-1.024,86664.43,7.89080706034696
0.877,15374.09,7.91971976092457
-0.807,3894082.83,12.3704260288881
-0.701,44619.08,0
-0.833,206644.28,8.29429960885724
1.219,105312.08,8.99974278983049
-0.877,1654380.18,12.1094978113875
1.07,56340,0
1.403,10111.96,6.21660610108486
-0.779,318997.93,8.45977592054629
1.426,34635,8.48694014824522
1.609,46685.74,0
1.199,18490.18,0
1.421,235492.6,0
1.647,107111,0
1.402,18160,0
-0.953,11223.27,0
1.77,51233.39,0
0.242,21000,0
1.557,1258761.64,6.90875477931522
1.442,130494.53,8.00670084544037
-0.412,45386.88,8.98732181285012
1.248,1223998.27,12.3848592534144
1.442,1320433.99,0
1.43,155291.43,5.30330490805908
0.565,68686,0
1.586,26553.27,0
-1.535,3966.05,0
1.577,13958.88,5.9782019868744
1.229,131485.22,0
1.567,2151194.43,13.020131296421
1.63,6913.46,0
1.496,422613.21,10.1658902778025
1.495,110964,7.60140233458373
1.428,10679,0
-0.789,21246.05,0
1.237,181705.7,8.88287187972262
1.506,877767.41,0
1.94,40360,0
1.392,296588.23,8.29429960885724
1.356,1082996,10.1464729460639
-0.93,49404.55,2.51122395810537
2.275,20774.1,0
1.557,25055.95,0
1.277,89998.61,0
-0.029,153726.4,0
2.137,17075,0
0.997,1351758.22,10.5840812670245
1.29,1818077.11,12.6926526248007
1.27,7600,0
1.744,9535.3,0
1.931,123036.07,0
1.423,44106.4,6.90875477931522
1.428,93360.78,0
1.362,107557.7,0
0.249,1262407.84,0
-0.816,18564.04,0
-0.79,38152,0
-0.547,18600,0
-0.878,114296.49,9.15915233520675
1.644,43288.75,5.17048399503815
-1.22,11656.16,0
1.479,163542.77,0
0.834,58613.24,8.5173931714189
0.804,416911.79,6.90875477931522
-0.762,44801.24,0
0.843,863677.31,11.9848085768814
1.123,260505.99,10.7122153451973
-0.814,192299.61,4.61512051684126
0.1,28589,0
-0.777,345606.41,6.90875477931522
-0.987,10396.42,0
1.447,5149325.14,12.6811515301017
2.194,108163.2,0
1.333,100717.78,0
-1.19,8363.61,0
1.515,260703.9,0
1.183,256328.05,7.98989937494294
-1.012,1592852.54,11.0505867848038
1.714,5070,0
-1.016,101300,0
0.751,7471.44,0
0.677,11803,0
1.441,546613.56,9.97817749816757
1.476,1379028.99,12.0516152520044
-1.039,59690.44,7.95542508891267
-0.816,729948.46,10.1464729460639
1.267,180701.89,7.71912984090673
1.451,3670266.03,12.5578592660606
1.368,763934.38,7.28000825288419
1.535,103259.95,0
1.185,16705,0
1.506,1574329.92,10.347097153855
-1.071,30757.51,0
1.553,121406.09,7.74109909003537
1.162,282152.23,9.7111762641128
-0.017,7451,0
-1.104,313328.47,0
1.516,156123.45,8.54110501146255
-1.05,112782.51,9.39487697374569
1.559,49478.22,0
-0.753,1834687.52,12.9350095157775
1.349,857594.08,10.8006158521455
1.637,9005,0
-0.926,203814.27,9.74102744483773
0.576,11903.5,6.90875477931522
0.342,25250,6.90875477931522
1.037,68702.77,8.5173931714189
1.304,12783.61,0
-0.99,547347.46,9.35018926709258
-0.879,17941,0
1.528,230177.89,9.51051903575725
1.477,121475.79,0
-1.06,13781.77,0
1.169,104942.09,0
1.527,2001838.24,11.3748236438309
1.463,19835.65,8.3165911602633
-1.076,9658,0
-1.064,45950.43,0
-1.369,28120,0
-0.749,1790.34,0
-0.522,200232.65,0
-1.096,93164.65,0
-0.876,106304.39,0
-1.019,51683,0
-0.629,301493.34,10.5684924271498
-1.061,295057.07,10.3031237052439
1.74,107321.91,0
-0.783,14942.92,0
-0.789,75467,0
1.312,6971,0
-1.14,10116.52,0
-1.093,15484.06,0
-1.033,1276509.66,11.4274506886231
1.396,810839.67,10.9384675759594
-1.109,8591.85,0
-0.569,8882.61,0
-1.415,17795,0
1.457,6054.87,0
0.317,113442.39,0
-0.185,492194.8,8.00670084544037
1.409,5000,0
-0.057,55393.57,0
1.45,108015.26,0
1.395,242249.39,8.5173931714189
1.025,2369.91,0
1.085,14231,8.64839687703158
-0.808,5980.34,0
-1.238,369.01,0
1.411,125,0
-1.018,300,0
1.525,209606.08,4.26450918874542
-0.87,350.45,0
-1.303,67055,0.113328685307003
-0.861,40429.38,0
-1.021,41819.26,5.30330490805908
-1.053,7358,0
1.44,1532.78,0
-1.102,716689.27,0
1.836,56221.11,0
-1.111,17365.81,0
-0.17,17000,0
-0.386,12296.18,0
1.42,28962.85,0
-1.02,108709.32,0
1.556,22531,0
-0.686,98005.58,5.78689738136671
-1.027,1192.88,0
1.03,3109850,0
1.206,45175.28,0
-0.513,46420.72,0
-1.064,53061.78,0
-0.719,50,0
-0.823,89271.53,0
-0.952,548792.09,11.1389735586995
-0.837,183.93,0
-0.465,168138,0
1.342,405.38,0
1.604,400,0
1.665,4111,0
1.592,184798.53,0
-1.174,27509.82,0
1.041,21694,0
-0.76,99751.36,0
-0.746,257.6,0
-0.927,267.92,0
-0.592,461.51,0
-0.882,349.62,0
-1.071,82858.21,0
1.46,222507.83,8.00670084544037
-0.77,4620,0
-0.624,168557.32,9.91552283707488
-1.116,1000,0
-1.64,37136.46,0
-0.968,2626.54,0
-1.111,90878.09,0
2.115,1058,6.96508034560141
-1.087,141436.23,5.52545293913178
1.223,23325.13,0
-1.002,43128.34,0
-0.859,83.98,0
-0.917,13555,0
-1.006,71637.95,4.61512051684126
-1.051,573.64,0
1.534,102642.92,0
1.473,315.52,0
1.755,15936.83,0
1.532,758,0
-0.917,5625310.67,13.6233066875639
1.409,199267,10.2036291813376
-0.91,2719885.42,13.0346921027301
1.491,94801.87,7.46794233228585
-0.325,18468367.89,6.90875477931522
0.794,79042.84,7.85205020726589
0.805,906628.86,10.5815464756746
1.032,3000,7.82444593087762
0.445,893.5,0
1.509,2164513.38,0
-1.017,30119.1,0
-0.982,107632.33,0
1.467,138942.61,0
-0.935,20697.07,0
-1.11,15711.48,0
-1.072,92460.82,5.55813994212074
-0.918,1817.04,0
1.047,293806.37,8.53326337159373
-1.103,61816.45,8.36508808464378
1.363,8687.56,0
-1.086,202901.58,0
-1.124,2099.1,0
1.279,846951.16,9.90353755128617
1.132,38325.51,0
1.887,15501.32,0
-0.806,121324.86,0
-1.126,23900.32,0
1.291,404299.41,0
1.506,779003.61,5.30330490805908
-1.112,33082,0
0.926,288014.38,0
1.152,220974.58,7.43897159239586
-0.631,6500,8.77971129020447
-0.991,250,0
-1.115,250,0
-0.911,466,0
1.138,47057.81,0
0.513,29234.98,0
-0.862,1089,0
0.546,14064,0
1.091,18543.85,0
0.804,164786.01,6.10924758276437
-0.289,45794.6,9.32375833901174
0.953,1363972.31,10.8218896539002
-0.964,1217418.32,11.0476689503253
-1.11,27394.25,6.90875477931522
-0.949,113958.06,7.60140233458373
-1.094,44664.14,0
-1.004,290.25,0
-0.817,1023,0
1.524,4585,0
-0.795,19877.79,0
-1.155,1194,0
-0.854,2938.95,0
1.385,125432,0
-0.974,7405,0
-1.051,700139.29,9.99997885272489
1.145,21943.61,0
1.154,125877.07,0
-1.112,3319.85,0
0.373,640016.12,12.0464964407911
-0.057,35890.58,6.90875477931522
0.578,8600,0
-1.07,292478.79,0
-0.922,24692.88,0
-1.154,9787.39,0
-0.749,4103,0
-0.232,215396.38,0
-0.924,18541.9,0
-0.746,3296.69,0
1.039,65980,0
1.296,4970,6.90875477931522
1.037,238.55,0
1.202,4479.95,0
-1.049,3469.33,0
-1.408,11493.46,0
-0.65,1364.86,0
1.11,5076.87,6.90875477931522
-0.551,92950,0
1.189,3241,0
0.977,1459656.01,11.9624138380601
-1.512,7114.85,0
-0.947,346820.52,10.4487435881066
-1.073,18690,0
1.006,16,0
1.39,10.99,0
0.31,80311.11,6.90875477931522
-0.606,3299.71,0
-0.862,98636.51,0
-0.743,3926,0
-1.239,7145.76,0
1.007,2491405.66,11.7028734498253
-0.893,1739.69,5.30330490805908
1.008,2500,0
1.413,139860.83,0
-0.878,81860.22,0
0.803,7296.8,0
-1.214,252512.18,0
1.436,1423836.68,11.3356033899145
-0.996,976.94,0
-1.064,100,0
1.346,0.82,0
1.202,1536681.7,11.5492670373727
1.44,204914.49,0
1.1,1756.88,0
1.156,925529.86,12.7654055363111
-0.96,48942.68,9.15963111753041
1.38,13631,8.92279162396964
0.823,52692.19,6.01126717440416
-0.084,841.75,0
0.948,247831.59,9.98870148175061
0.948,2450,5.30330490805908
-0.656,17.5,0
-0.944,184857.96,8.5173931714189
-0.64,804500.84,10.8624890540712
0.059,22620.08,0
1.581,47898.2,5.30330490805908
1.283,12159686.71,12.8177412964507
-1.06,109302.67,8.8538082749772
1.097,5825348.4,14.8759454631547
0.792,3983152.54,14.0989563224209
-0.612,1072735.22,13.3506138660867
1.117,730425.61,9.74102744483773
1.19,6426217.89,14.4229017804391
1.415,3373991.32,13.0300400624746
-0.8,1492081.45,13.3281234436568
1.184,5352.05,0
0.732,2566684.78,14.1154065064277
-0.76,4568446.12,13.9824612526675
1.356,1124623.91,12.9226750881121
-0.115,879036.81,13.4274938375153
0.85,1556405.66,13.4645938463956
1.219,3504457.9,14.1751409273277
0.939,1055993.89,13.5112098917971
-0.578,261011.19,12.1681799501708
-0.693,419730.33,12.6657133900841
0.949,1211826.66,13.4233387017687
0.825,591477.29,12.8361846011031
0.553,1535699.03,13.6579530414536
-0.345,460108.57,12.600435248287
-0.786,1872526.48,13.9216626602347
-0.824,1733955.08,13.0997107326639
-0.322,791931.45,12.8538959424231
-1.104,5477.72,0
-1.114,88996.73,5.74460446917646
0.774,10639.2,0
1.529,677906.55,8.98732181285012
-1.116,59367.35,7.82444593087762
0.936,1568765.28,13.4756899919395
-1.092,15976.72,0
-0.704,12852.17,6.21660610108486
0.792,146053.26,11.3071428369275
1.169,1668537.77,12.7171486079588
1.245,495314.96,9.68040649926887
1.574,76560.27,0
0.545,21070,0
-0.89,2239.82,0
1.017,1390786.59,13.3739618675581
1.422,412018.14,10.4170264919297
0.821,4097282.6,14.7195545598379
-0.749,5220,0
1.183,1949961.72,13.7456521834662
0.846,1321298.41,13.477823904237
-1.111,6494.25,0
-0.311,1560770.35,13.0779466587649
-0.364,1030879.34,13.5630038477691
1.064,4485878.94,13.9748108471923
-0.856,1963783.67,14.1095500093906
-0.867,37415.46,8.41205487329293
-1.045,140620.48,6.42971947803914
1.313,9831182.04,13.1922912249982
-0.96,10610.08,8.5173931714189
1.533,9035.6,0
-1.06,6710492.54,11.4160442317074
-0.28,114633.27,11.0429378355965
-0.857,14519,0
-0.942,148772.94,7.86863689418417
-0.999,12149,0
1.51,58604,0
-0.982,779379.93,12.6031728653067
0.96,1712469.79,13.2354379590011
-1.152,164137.24,0
-0.918,329873.64,11.4563656954364
-0.334,3570327.42,14.8003955789687
-0.241,1567746.86,14.0017430653445
0.927,1971351.07,14.2907879253251
1.498,5329.7,0
-1.041,1483689.67,11.0868081097412
1.175,1850089.59,13.6124621156791
-1.126,4284.52,0
1.094,56300,0
-0.965,112949.81,7.13169851046691
1.647,606,0
-1.019,2658954.14,13.6029990357872
-0.753,75646.07,0
0.82,1107700.95,13.5322865336328
1.494,3207231.28,6.90775527898214
1.478,834972.21,8.98105298590148
-0.735,81279.8,0
-1.078,58408.42,0
1.256,821466.37,11.389525433488
-1.088,31605071.08,12.8276005085113
-1.076,15566.56,0
0.871,263756.91,12.2536763918985
1.275,3807320.48,14.0747553465376
1.013,1186059.87,13.0979115123319
-0.378,10387.55,0
-1.001,17652.4,0
-0.895,220294.46,8.5173931714189
-1.369,37504.16,0
-0.749,31150.81,0
-0.522,337986.01,7.90137735379262
-1.096,155331.16,9.17998425196128
-0.876,251407.76,8.29429960885724
-1.019,151762.68,7.87131120332341
-1.016,53846.47,5.41663359336608
1.376,12690863.36,14.1724484093398
-0.809,1456223.86,13.2534811094924
-0.568,2132210.38,14.0682675585705
0.617,867840.34,13.1212330788575
1.034,2848317.99,13.7136413406256
-0.58,1415993.97,13.6047240924091
-1.066,2212622.98,12.7584077074729
-1.308,744392.13,0
1.228,551418.21,12.6122075292885
-0.682,863818.58,13.0758892102422
-0.664,653415.07,13.0382642937505
1.214,1368767.02,13.1205191378395
1.549,10883.41,0
-0.305,1311616.89,13.4622376206332
1.199,1183030.9,13.2305108060101
-0.25,532415.26,12.8221993011849
1.154,358884,9.7981825908907
0.387,401679.39,10.9755162752212
1.072,1868454.86,13.7962623439526
-0.416,590,0
0.485,3445059.67,14.2181598520532
-0.533,1124860.75,12.9613127576473
1.531,14623.38,0
0.796,5369529.11,14.9111244024549
1.315,780309.34,12.9852634537113
2.032,6219.79,0
1.511,1241417.36,12.6326165923739
0.369,2605455.11,13.8897719676316
-0.373,45351,0
-0.494,2741694.89,13.6420917577666
-0.772,608274.45,12.7149243223442
-0.993,52484304.7,14.7489246369492
-0.419,1717516.39,13.8579961279752
-0.419,7000275.53,14.3162075640249
-1.067,273533.3,11.6395669264375
0.928,2619423.56,13.9845847377837
1.452,2432467.17,13.7355748745634
-1.16,45479.12,0
-0.818,920457.88,13.1072517700491
1.153,928705.34,13.0078680438278
1.492,261635.53,10.3168801548631
1.472,23621.07,6.68586094706836
1.472,2925836.18,13.9577290371025
1.129,1436573.74,13.4663048497041
-1.055,1185775.77,12.7346428980123
-0.548,901269.42,13.3018438855722
-0.743,933451.09,0
1.405,1217297.1,13.1005287269468
1.291,898713.98,12.6319970280397
-0.587,955463.8,13.0900512584627
1.197,721796.1,12.9681419750763
1.234,1343114.41,13.5945045704319
1.458,3909.1,8.00168997809913
0.977,1505241.32,13.9280858970773
1.33,996926.15,13.1993455294287
0.88,2503514.93,14.1949582082621
-0.784,5315280.21,13.8331644961275
-0.932,2062525.8,13.9235971704413
1.178,339444.67,0
-0.78,3986261.73,13.2747033102469
-0.672,482857.19,13.0052698539797
1.168,1259003.78,13.4973332361412
-1.141,624386,0
1.178,1269159.67,0
1.385,6120277.95,13.9429769581484
0.566,3361938.76,13.7997591228962
1.458,71506.89,9.39274525863144
-0.573,25284.62,0
-0.284,1511579.05,13.6872606906411
0.731,2026202.94,13.7559391257239
-0.619,3229991.57,14.2200625893447
0.929,871893.93,12.9008688906355
1.076,1371506.87,13.144878342592
1.455,1347177.67,12.7350848856674
-0.851,1316505.82,13.7231496906589
0.984,680006.17,13.0365897795045
1.346,1600090.24,13.5146569876
-0.802,1263472.78,13.4424172821074
1.832,5840,0
-1.035,1006600.45,10.5322028729367
-0.361,1135363.38,13.5010919896149
1.489,1173123.55,8.21635833238616
-0.817,1552663.82,13.2305615132073
-0.792,6740,7.90137735379262
-1.27,145434.59,0
-0.88,2759810.4,13.5433462333924
1.224,8018574.59,14.9801944108087
-0.34,1256256.36,13.4804357564756
1.603,3631,0.0582689081239758
1.644,180704.87,0
1.443,789616.16,12.6489234508459
1.463,13088.28,0
-0.857,2748953.04,13.9096650338364
1.079,1550530.91,13.8799351507373
0.983,3146378.1,13.5451718822281
1.252,1837746.56,13.5503721240446
1.407,2035996.67,13.3921115291397
-0.712,1043192.58,13.5467379035585
1.488,7204,0
1.092,5863432,14.5975578723558
0.683,1155667.61,13.4526321695326
-0.697,2085899.43,13.5375672428304
-0.364,731012.49,12.4855892334675
1.237,1072294.97,13.3096646647335
-1.061,17854.6,0
1.006,919271,12.4874322733841
-0.399,902455.07,13.4760446427556
-0.381,1174514.84,13.6361936825906
0.767,631.87,0
1.075,1083594.93,13.7458579903542
1.124,955959.49,13.248733438798
1.616,48132.84,0
-0.286,1084457.42,13.4074156499616
0.704,2778978.81,14.1295851071744
1.359,3327756.14,14.130629243085
1.3,2808067.15,14.1887607464054
0.094,275,0
-0.739,1092047.31,13.3580199137608
-0.391,1434531.95,13.1160454613374
-0.808,916386.21,12.990375935132
-0.059,32159.21,0
0.711,4784732.83,14.1718997290738
-0.182,2194158.29,13.8066801746357
1.19,768884.33,12.8422552169982
-0.773,589889.17,13.0351227886932
1.303,1328330.9,13.3025775151499
-0.559,772055.3,13.3964296744614
1.484,64908.61,0
-0.397,1020602.35,13.6102990742653
1.178,1980991.85,14.119407461615
1.225,2216246.71,13.9940902560621
-0.93,5135.23,0
-0.591,1296511.74,13.5271629307467
0.896,359615.88,12.041790574376
1.071,3405814.79,14.4026246189413
1.316,2171371.28,13.9127167845898
1.025,1172130.62,13.2304883145257
1.065,724673.3,13.0606826355894
1.064,4233235.05,14.5920944063475
-0.828,2414446.53,13.4103365474831
-0.756,1173938.02,13.3034639557741
0.871,2459681.28,13.7919864224386
1.127,933200.1,12.9743296176837
-0.301,1111399.57,13.481101228087
0.833,2872975.37,14.1730397749079
-0.636,444796.06,12.8758435167923
-0.329,1593926.79,13.7047025091822
1.229,2842345.87,14.2341215392028
1.27,849040.16,13.2961418793343
1.12,2093065.4,13.9472791865828
0.809,5178884.51,14.695682754193
-0.553,2233841.84,13.2704070186031
-1.026,28265.57,0
1.352,615310.51,12.6303994154895
1.116,4937508.77,14.5027309346694
-0.506,626350.38,12.857633372779
-0.612,1785339.23,13.0730029506661
1.067,2628084.46,14.0777939807026
-0.775,1600229.82,13.2522536240954
-0.842,2745646.11,7.60140233458373
1.707,4918,0
-0.916,1029052.74,13.2314883466075
1.224,1789742.69,13.708922133179
0.914,167191,10.4885204292416
1.071,1624216.85,13.4790135210355
0.975,2934564.98,14.0474802441036
1.31,1216730.71,12.6517002027063
1.14,1463187.12,13.8687204644768
1.603,300,0
-0.905,1106553.4,13.4025071229313
-0.774,2350189.52,14.0092946432482
-0.509,359928.37,12.2635541682759
0.975,499589.72,12.5986247383666
1.42,5867354.72,13.9190813700577
0.989,987509.79,13.2118168217853
0.898,1202661.11,13.2511100916897
-0.696,956681.17,13.1812000488485
-0.486,1500002.86,13.6839796658607
1.214,1651609.99,13.2144108038495
-0.175,1102565.14,13.4058235802935
-0.877,160689672.68,12.0239126756803
1.076,805426.52,12.6667327597728
-0.9,2423.13,0
1.203,941954.42,13.065265902884
1.134,5098437.38,14.6093515188922
-1.141,48199.13,0
1.079,1792247.33,13.4854672792356
1.273,29269239.94,15.457183947342
-0.212,559925.14,12.7728087381099
1.102,1566965.41,13.7204314514605
1.097,1267292.81,13.4118116142691
-0.433,1992933.08,14.3558006649608
-0.833,2432562.32,13.8542019098768
1.043,14814157.48,14.3849344205246
0.705,1404724.48,13.6970096396918
1.308,1485137.04,13.195833183116
-0.836,1042187.68,13.2106021408469
0.883,1951079.15,13.8550168072713
1.157,1579827.97,13.8393135066283
1.299,4368.72,0
-0.744,1604522.93,13.4748545093949
-0.6,772003.15,13.2821026291751
-0.38,1118749.14,13.6228081015957
1.07,1459743.12,13.4817949483532
-0.744,1471204.74,13.2969223834081
-0.551,2057782.1,13.6907271555664
-0.562,826376.43,12.8121868579583
-0.74,1744152.95,13.64626434507
-0.478,1334791.29,12.8338378560161
0.254,1335477.48,13.1776107441342
-0.718,1002969.41,13.3719790302496
1.012,1253236.34,13.2499601097174
-0.685,902611.64,13.0268167916583
-0.65,538431.11,12.9889204151554
0.343,410966.38,12.5850260708759
1.083,3045693.79,14.3421388492548
1.252,1914489.21,13.098510649512
1.243,1413379.31,13.5032327552289
1.2,2503543.48,14.1872328259393
1.164,1569866.26,13.7192760511013
0.955,588562.41,12.3199413635647
1.258,3056306.73,14.2357335639479
-0.932,755535.04,13.0552176845463
-0.688,101921.22,11.3235913777584
-0.398,918529.48,13.3212000229337
-0.658,1158022.06,13.5758968019109
-0.47,6145779.44,12.0076278043487
-0.48,4127505.58,14.7316487742085
-0.447,860217.73,12.6552387997094
-0.795,4496055.58,13.6963261871463
1.33,376492.13,11.8044078072407
1.115,1435482.14,13.7102086961418
0.842,1974774.66,14.3699098780442
-0.871,3952032.32,14.3037303852238
0.931,3638922.98,14.7185136427753
-0.914,1008275.09,13.3966526098118
-0.709,386313.12,12.7656912906044
1.443,876229.78,12.364118586112
1.469,2814962.02,13.3234623465987
-0.623,1421020.43,10.1938661111991
-0.616,132366.48,11.6630767292149
0.03,163165,10.596034553024
1.288,1415137.02,13.7204314514605
-0.212,1169113.46,13.7120320701804
-0.683,73517.01,0
-0.618,983333.91,13.0770105926713
-0.891,838814.13,13.2854648901675
1.189,929482.27,12.5460957133391
1.34,211748.62,11.223922520551
-0.895,1508602.91,13.2781883291415
-0.84,1156318.91,13.3790592994376
-0.834,2793181.8,14.2297756259316
-0.922,1076805.17,12.739933900094
-0.828,3168050.84,14.0087102329054
-0.567,535190.84,12.7536187440721
-0.781,2768324.72,13.8215367042172
-0.467,1523845.68,13.7227915780998
1.086,3285165.34,14.2409207211338
-0.844,3120878.72,13.7714865675223
0.339,978469.19,13.3852659584919
-0.933,951336.24,12.8597607045198
0.992,1034565.26,13.0265858644169
-0.985,2589593.97,13.7169290241114
-0.704,714680.26,13.0173629524616
-1.088,48734.3,0
-0.482,45286550.5,15.4538407398767
1.482,4204846.39,13.5966851201641
0.606,1326586.14,13.6812371758479
1.352,3650628.45,14.1854528007779
-0.947,2110820.42,13.9272317018687
1.038,2705354.23,13.8303704606863
-0.762,1632852.46,13.6546972319211
-0.695,1148126.68,13.6444268196871
-0.311,98.2,0
1.105,1163987.91,13.3599536702027
1.293,4035206.47,13.8321332424404
1.241,464549.74,12.1609843758862
1.145,5163892.22,14.4431161651646
1.216,1383574.93,13.8057279034526
1.145,264263.51,12.3490944860502
1.322,544684.66,12.288348243064
1.105,1262508.05,13.2217018871272
1.407,20991.52,9.76858379007133
1.286,20.46,0
1.341,2134936.38,11.9556313145603
1.319,893731.52,13.1869750896134
-0.591,1158877.53,13.1969374980368
-0.825,1595160.52,13.00035358408
1,790356.69,12.9151231944809
0.52,1182992.77,13.6817631420084
0.818,1827502.39,13.973497327724
1.161,3198312.68,14.0488962787307
1.006,2590296.58,14.3435533106808
1.152,24123573.02,14.1150870554414
0.972,1953611.99,13.9117775526025
0.629,3451733.62,14.4402676442591
-1.004,3372279.47,13.9652954071211
1.305,12062231.32,14.8760655753514
1.191,770852.68,13.2251022595822
1.235,1530792.88,13.8063368074945
0.939,1715578.05,14.1413919086207
1.355,1273640.63,13.1433149522506
1.393,1613540.72,12.8202580818817
1.062,633938.01,10.67477563348
1.159,2149394.25,14.112435047391
-0.64,1215320.82,13.3582272809039
1.266,13571267.08,11.8531833839878
1.036,5310224.59,14.5345447107538
0.766,889011.65,13.1979364186771
1.086,4655829.95,14.676746720189
1.147,969956.05,13.4753429016829
1.16,5849901.9,13.9521903641293
1.327,2911964.23,14.3361570507383
1.272,6117586,14.4369388333529
1.013,2238968.82,14.1568295443806
0.63,1842504.96,13.3418798146863
1.3,128495.85,10.7254895827195
1.325,2084074.97,14.0608747754667
1.234,819909.01,13.3348923933304
1.174,1238079.16,13.4957198084348
1.511,663118.3,12.1875063536563
-0.316,1305988.06,12.8075183769774
0.525,426462.89,12.0042685302126
-0.604,369143.8,12.7082405693356
0.923,786838.85,13.2816417168574
1.148,603631.72,11.9654527053779
-0.231,679132.77,13.0132201607902
-0.812,416936.84,12.6646076356258
1.062,1795746.74,13.020662822578
-0.905,896504.23,12.8748016133487
0.889,4911908.8,14.7420932336224
-0.781,576041.93,12.7486904979133
-0.928,2960892.11,13.9924476444814
1.27,588764.42,12.2558194947876
1.033,1019464.16,13.1167246093913
-0.373,1785098.9,14.1891731030814
1.351,3054492.32,13.3231647915951
1.197,2573681.12,14.3299450060833
-0.688,2078358.65,13.7184458148135
1.159,1538411.12,13.7823883128951
-0.517,771138.63,13.3314506809132
1.222,660775.46,12.4988952328666
0.947,2081275.83,13.5898689390758
0.891,2181650.58,13.3741348123529
1.07,1243732.28,13.6858975242492
1.337,2216759.4,14.0526547532606
1.292,1372999.46,13.3965163732245
1.102,1826789.13,13.5908700993431
0.923,3768164.83,14.4669504564192
1.165,1820252.88,13.8112486388756
-0.25,504627.1,12.9245244464875
1.223,1684056.21,13.9160874262032
0.323,1659081.5,13.9138352803749
-0.321,506030.77,12.6951794234253
0.684,601926.26,12.6235779454147
-0.127,1101294.88,13.8494868508468
0.582,2295610.15,14.1017520708081
0.802,2229387.77,14.2005355156015
1.172,355123.86,12.0965423372469
0.962,259810.87,11.4459412889887
-0.438,335805.46,11.8558127950937
-0.439,2080538.46,14.1966192351333
1.146,1583581.29,13.8975812540324
-0.699,1340028.19,13.6672767091178
-0.761,1610875.71,13.1838884501637
-0.424,4007216.34,14.3751813329593
-0.719,755128.78,13.0884057482943
0.546,1320632.79,12.9107286695541
-0.404,2810634.88,14.4497330993556
1.326,326656.31,12.4645872016781
1.199,2340678.81,14.3682333925582
-0.632,2004324.36,13.5679304128466
1.17,9559.78,7.29709100516042
-0.752,996033.73,13.1831780987978
-1.074,1559268.75,12.9084917090278
0.998,927501,12.7749228645593
-0.791,2028483.2,13.7739892669098
-0.487,1631723.79,13.9452863433663
-0.75,243221.28,0
1.018,2788146.84,12.7489493128373
-0.443,410266.98,12.6832411704981
-0.867,961914.11,12.6867402741744
-1.065,1875867.26,12.9941164203797
-0.959,4622034.66,13.9806089861928
1.26,1749596.79,12.2055775229772
-0.579,2319853.63,14.4010174038305
-0.981,866353.91,13.3826501006614
0.949,5275171.36,14.9347350285038
-0.702,1791344.57,13.859451727596
-0.631,1490752.96,13.7461391505559
0.69,2650511.07,13.9871012022471
1.169,1223355.85,13.7889109031242
-1.048,113150.64,11.2978864827325
0.877,3123455.96,14.4857192720196
-0.707,183697.73,11.8026130250866
1.016,7060804.52,14.954749823738
1.01,2991634.45,14.1085296780069
-0.466,762448.55,12.8955533628208
-0.511,1395491.8,13.3109982962549
-0.637,1067180.03,13.6153413878284
0.615,1234680.31,13.2354472113091
1.02,479489.56,12.7397873052
-0.794,1125596.19,12.9851972499844
-0.594,576042.32,12.127251275054
1.191,498117.07,12.2776739321426
1.461,826202.18,11.5653376331849
1.074,336976.38,11.9015902344
1.08,2355772.98,13.8671966676898
-0.54,1172169.66,13.6629905428803
1.154,6021.31,0
0.014,1856797.6,13.877587198033
-1.093,1244066.27,12.9946415451283
1.223,139709.55,11.4430500613092
0.845,1238994.05,13.2700089447921
-0.332,1431201.29,13.941721252045
-0.167,1012732.99,13.4600491630912
-0.661,120230.05,10.4193305681139
-0.664,1732077.29,14.0993585773189
-0.874,713305.82,12.5549709294806
1.039,1350417.37,13.5951394099859
-0.499,663728.62,13.2696513109368
-0.847,934597.01,13.1224153760524
-0.698,1334784.15,13.4111733135786
-0.781,1305046.52,13.3076322532499
-0.972,6268995.25,13.2476753328146
-0.604,1120045.28,13.4771824202235
-1.042,1042636.51,10.1189940153877
1.2,134888.05,0
0.898,27286.22,0
0.108,180021.54,0
-1.029,34500.18,0
-1.06,737861.14,11.0766456222676
1.426,258721,10.0858507751287
0.724,463523.92,10.8307380066466
1.077,32192,0
-1.058,1982.79,0
-1.154,2177.6,0
1.474,10450,0
0.662,343909.96,0
-0.791,13675.18,6.21660610108486
0.855,289963.29,0
0.8,52673.79,0
1.427,8772986.85,14.2564568381573
-1.484,10968.7,0
-1.01,122626.12,0
-0.409,1670407.62,7.90137735379262
1.309,29182.1,0
-0.317,153298.48,8.26672212169422
-0.99,198264.19,6.21660610108486
-0.511,35035,0
1.048,284462.45,9.78137641414116
-0.847,3411964.14,12.4230931290674
-1.698,31280,0
-1.071,1578872.96,6.90875477931522
-1.055,8624818.07,12.9075953780256
-1.096,90507.5,7.60140233458373
-1.058,91647.69,0
-1.067,74353.87,0
-1.113,14311.78,0
-1.177,475862.12,7.49993229218555
-1.161,1324502.54,10.4771189470945
-0.831,270867.56,0
-0.873,2500134.18,9.71721821349408
-0.825,958500.33,11.12285622984
-0.711,300321.4,0
-1.087,15832.85,0
-0.872,282193.79,5.52545293913178
-0.899,192065.13,7.74109909003537
-1.015,49924.53,0
1.498,39174.15,0
1.435,259379.22,9.8255800636596
0.748,1628253.3,13.1045068951388
0.925,296913,6.90875477931522
1.276,37065,8.92279162396964
1.23,57290,8.5173931714189
-1.019,5122102.12,12.3421273768561
-1.037,209924.9,6.21660610108486
1.533,193718.19,0
-1.115,95128.16,0
-1.223,11252.02,0
-1.048,13344.39,2.39789527279837
-0.858,3251481.82,12.12858385716
-1.025,25471,0
-1.195,95,0
0.582,1053359.08,9.08828572596888
-0.865,50328.79,7.88269220628903
-1.04,85945.19,0
-0.742,34332.81,7.60140233458373
-0.813,71379.69,0
-1.119,320882.91,0
-1.052,76235.51,0
-0.943,494481.5,0
-0.988,293347.43,9.23024103368252
-0.828,2468862.54,10.4042931430198
-0.842,285769.74,0
0.955,2989012.26,12.072546967175
-1.118,1947624.76,11.1463746288363
-0.72,13995,6.90875477931522
-1.078,146760.53,0
-1.027,91251.76,6.90875477931522
-0.947,2219555.91,12.5105900059016
-0.78,1283785.99,11.5575020980053
1.93,42515.26,0
-0.857,3059075.7,12.4493620985485
-1.201,120649.3,5.53492980380921
-0.971,44269.72,8.39901982959251
-0.975,124482.87,8.38958706681109
-0.892,4641923.14,13.5640104195832
-0.981,265858.31,3.93182563272433
-1.076,1547983.57,11.4952535321316
-0.909,793292.76,4.75359019110636
-0.833,1740412.54,10.0578313565708
-1.024,379263.93,5.80157442081407
-0.64,66358.77,0
-1.097,213183.75,7.13169851046691
-1.105,18421.4,0
0.915,290689.03,10.6931033325822
-1.057,78982.99,0
1.257,319022.65,9.90353755128617
-0.789,477889.7,0
-0.751,18887.99,0
-0.969,6439534.88,13.3331501127614
1.193,882961.37,9.93551902336679
-1.057,72676.29,6.21660610108486
-1.121,237942.85,8.59100111856096
-1.075,52888.28,0
-1.177,8130.22,7.99260665240021
1.443,2163824.75,12.8424586892076
-0.812,6671756.64,13.0092187103649
-1.076,214.16,0
-1.081,874716.59,10.0609937392053
-1.147,340125.01,9.2687036152731
1.7,92853.76,0
-1.08,57901.57,0
-0.806,83118.91,7.60140233458373
-1.285,454721.24,0
-0.762,6307590.94,0
-1.099,162164.7,8.53146683653118
-1.096,20200.14,0
-0.896,4177224.93,13.064833179167
-0.824,72816.55,7.83873755959928
-1.061,5528.01,0
-1.169,73357.2,0
1.225,37605.18,0
-1.089,1837.65,0
-0.906,810073.47,8.5173931714189
-0.953,574664.4,9.7111762641128
-0.946,36182.63,0
-0.971,54630,8.92279162396964
-0.921,456072.32,7.91125803438173
-0.875,859851.8,9.8535617437664
-1.173,820.63,0
-0.939,165970.12,8.25608813381491
-1.119,17255,0
-0.9,4258543.71,12.7141942467201
-1.181,575,0
-0.898,14684.25,0
-0.996,6439711.53,12.9986002113585
-0.907,923500.75,10.3489397467255
1.678,142729.36,0
1.388,917403.58,12.4522332601443
-0.967,404105.82,9.10509096125709
-0.969,505,0
-0.95,5243411.69,13.0432724632982
-1.067,71612.69,0
-1.115,16287.32,2.7813006628418
-1.084,101015.51,0
-0.698,47342.66,0
-0.231,1547808.5,6.21660610108486
-1.095,120.05,0
-0.872,55647.13,0
1.447,20752.84,0
-1.107,224120.32,9.17375625993338
-0.645,730743.08,11.4584798387805
-1.152,576623.82,8.64839687703158
-0.977,579298.42,9.42141134205612
-0.899,369226.46,9.49182830026464
1.1,1137563.66,12.0722569839336
-1.112,47115.12,6.51682896849505
-0.855,259178.7,5.52545293913178
-1.019,162117.07,0
-1.017,2943199.78,12.228259389345
-0.513,95686.33,7.60140233458373
-1.06,368323.3,10.5032302363238
-1.083,976113.46,10.4809036844236
-1.005,1910245.26,11.3047444150455
-0.852,1278815.1,12.8433298251214
0.72,375254.09,9.13787720024247
1.318,30802.77,6.90875477931522
-0.689,1178676.74,0
-0.578,2178356.89,10.2989359942576
-0.991,46461,0
-0.909,1549901.96,10.2256072829329
-1.457,74257.7,0
-1.11,7468.4,0
-1.06,51123.99,6.90875477931522
1.455,9348,0
-0.972,2975996.02,12.8809058951355
1.139,566014.2,10.4237980523133
-1.07,201030.73,8.5173931714189
-1.018,291497.47,7.07749805356923
1.325,438887.91,10.3255147489433
-0.887,266234.41,8.69968140098951
-1.465,50302.95,0
-1.105,270092.89,0
0.984,253800.31,10.0329272731761
-0.875,590173.38,10.3030824647084
-0.96,21088.35,6.21660610108486
-1.25,35365.02,0
-1.081,209916.04,0
-1.08,57777.75,6.21660610108486
-1.001,57330.37,4.61512051684126
-0.963,23066,5.30330490805908
1.447,142317,8.45765547870004
1.345,154582.44,5.52545293913178
1.034,1943497.82,12.7344807869128
0.057,106892.27,0
-0.569,9240.73,0
-0.867,705197.45,11.4169760809184
-0.826,588749.56,9.37544625242902
-1.033,8144753.17,13.1422106311557
-1.034,105625.94,0
-0.957,1044900.4,10.4223111074132
-1.473,10226,0
1.512,309218.73,7.31388683163346
-1.126,7988.09,0
-0.939,7336619.41,13.0174065358147
-0.962,3538321.62,12.0908968954488
-1.098,49180.19,0
1.147,9326,0
-1.109,176157.24,0
-0.887,116152.57,0
-1.061,56021.38,8.74700724537705
-0.937,6195216.24,13.0874827396837
1.869,31465,0
-0.854,103195.04,8.15588754229281
-1.298,108220.79,0
-1.085,6076.13,0
-1.124,8736,0
1.151,4666182.91,12.8733916314705
-1.684,8050,0
-1.001,19035.37,0
-0.992,12829.87,0
1.294,5241823.34,12.1781925834156
1.361,276131.91,9.85224688834253
1.249,793229.01,8.29429960885724
1.155,1094057.68,11.5975055554433
-1.011,163457.48,7.95542508891267
-0.897,875434.85,9.79804647807797
1.37,1675863.93,12.7029038019355
-0.901,36003.23,6.21660610108486
-0.942,64602.77,8.5173931714189
-1.112,7432.4,0
1.418,349627.49,10.1162978997105
-0.98,28536.85,8.5173931714189
1.561,35313.09,0
0.877,320883.39,10.1849377471114
-0.886,1328023.44,11.1930167133225
-0.992,61508.6,0
-0.724,150850.44,0
-0.988,191000.8,4.83628190695148
-0.473,520131.85,8.02322468471667
-1.006,250823.86,5.52545293913178
-0.805,4679140.33,12.6242753515666
0.824,454278.18,9.15915233520675
-0.82,13038,0
-1.051,303457.9,8.08671792030391
-0.81,5075781.84,12.0549219113628
-1.111,198206.51,0
1.09,222464.86,6.90875477931522
0.08,51459.35,8.69968140098951
-1.213,10070.75,0
1.299,77680.3,8.98732181285012
-0.886,38441.72,0
1.073,81400.11,9.35018926709258
-1.051,23747.83,0
1.429,1511999.34,12.5892875775368
-1.003,29497.5,6.90875477931522
-0.809,21077.41,0
-0.896,393987.79,8.10204131771853
-0.673,757679.56,9.51789859843275
-0.842,1011027.85,9.61587214452889
-0.702,286699.81,7.46794233228585
1.231,1557334.29,9.60918360377546
-1.058,114751.62,9.40927319457533
1.194,103543.49,0
-0.96,160779.49,8.63070043220983
-0.992,130009.98,8.16080392095467
-1.134,5750.36,0
1.028,465025.6,10.7081946675852
-0.928,581890.13,0
-0.974,1104281.99,8.61598638937347
-1.011,153050.3,9.66465913430174
-0.347,23659.9,0
-0.423,26481,0
-0.969,199663.57,8.97474461272273
-0.884,2348347.76,12.0110389102907
-0.877,59944.31,0
1.19,1777703.02,13.1422453348871
-1.019,160644.13,0
-0.855,245779.83,8.98105298590148
-0.889,769824.46,8.73246584834988
-0.986,7467572.93,13.3406016052675
-1.026,1453674.97,11.2855521056174
-1.049,196556.31,0
-1.38,11401.69,0
-0.623,119834,0
-1.306,179073.97,0
-0.638,442709.56,11.933246409994
-1.176,193061.58,0
0.634,86269.25,0
-1.021,8619205.93,12.876365928901
-0.77,351512.73,8.21635833238616
-1.006,996963.1,11.158015533908
-0.973,2534627.98,12.6345767070047
-0.587,229896.74,10.2064030056285
1.29,69075,9.35452729228868
-1.009,2696.35,4.61512051684126
1.258,868142.41,4.33073334028633
1.187,575737.99,9.58541499876028
-1.034,9996.69,0
-1.176,53605.89,9.05718919248201
-1.032,4927141.64,13.0395001992742
-0.988,285338.87,0
-0.888,516102.36,9.47278155656217
-0.886,3931101.31,13.2951823944051
-0.41,778590.45,9.30574145673943
-0.984,323740.74,0
-0.87,350684.28,8.22977775008189
-1.019,19731.57,4.61512051684126
-1.08,134109.93,0
0.765,301075.43,11.0548662167415
-0.894,276410.33,6.90875477931522
-1.023,3309882.21,12.1485918797404
-1.04,55240.1,0
-0.936,340829.68,0
-1.204,39939.03,7.60887062919126
-1.07,99811.3,6.21660610108486
1.555,59579.13,4.61512051684126
-1.187,66192.42,0
-0.285,449570.44,7.71912984090673
-1.048,15871.18,0
-0.779,2198498.23,11.7156443251467
0.128,21500,0
-0.973,2412963.27,10.9622506372587
-0.953,4655422.3,13.0741705977652
-0.908,6328.18,0
1.029,381353.09,6.21660610108486
-1.546,15242.23,0
-1.415,13262.21,0
-1.136,7292.45,0
1.299,720299.18,9.75272280064639
-0.867,3242549.28,12.659614552312
-0.175,1447172.89,0
-0.994,370997,0
-0.854,351801.95,8.29429960885724
1.546,355670.27,7.31388683163346
-0.431,8182261.8,9.30574145673943
-1.047,531818.3,0
0.189,644720.91,0
-0.924,1701475.61,9.43356392009056
1.096,18509.76,0
-0.886,3161418.81,0
-0.897,12265194.02,11.3374905407941
-0.838,577017.47,8.88197518424887
1.521,36370,0
-1.059,116057.86,9.89474948659284
-0.728,355454.26,10.2750855911327
-1.037,2581.95,6.21660610108486
-1.03,3813237.37,12.2948281631219
-0.967,4579945.1,12.2402498925317
-0.906,469154.21,10.2219776466299
-1.098,9136.56,0
-0.998,4591984.57,13.543023402486
-1.032,33934.76,0
-0.442,15380.59,0
1.334,87995.75,0
1.457,11988045.84,14.0067646010507
-0.939,78311.3,7.74109909003537
-1.041,93703.93,0
-0.569,652981.25,9.2687036152731
-1.048,263201.28,9.98833408794625
-1.013,5763983.16,13.0766793531836
-1.013,78262.91,0
1.519,89806.14,0
-0.8,617990.01,11.5405503595823
1.535,19413.15,0
-0.998,132158.58,0
-0.491,1445479.43,12.9523840055303
1.74,54144.86,0
-1.205,43903.02,0
-0.97,151953.41,8.65662116498654
1.342,63266.42,8.16080392095467
0.851,2249960.51,12.5986440864174
-1.048,10424,0
0.779,1932525.19,13.094274554214
-1.073,1775877.64,10.6714184054844
-0.775,7637,0
-1.062,15311.21,0
-1.002,21235.51,0
1.051,886783.38,10.3797527869509
-0.807,421834.08,8.92279162396964
-1.103,1261.3,0
-0.858,5776194.81,12.9214809973163
-1.08,574270.65,0
-0.497,3207855.41,11.2872913146877
1.436,629705.01,10.9608610931876
1.269,1241320.13,10.5414126785959
1.121,563100.96,8.55660619377307
-1.072,382450.38,9.83793518429589
-1.177,8688.83,0
-1.066,372277.85,9.17170348836127
-0.377,14685,0
1.063,11462.66,0
1.033,86042.82,0
0.085,3601,0
-0.787,6125.65,0
1.518,38244.27,0
-0.65,840266.61,0
-0.849,32300.15,0
0.933,40972.79,6.90875477931522
-1.142,351595.19,6.89849251170295
0.646,75998.51,7.76630672245903
1.696,14861.53,0
-1.297,17571,0
-0.922,274572.78,9.88333586432528
-0.98,357967.72,9.77001330113616
1.31,4846553.35,13.159795954333
-0.92,62318.38,0
-1.002,75293.38,8.76623526206926
1.934,11180.3,0
1.652,10180.69,0
-0.976,698945.72,9.85224688834253
-1.015,202465.79,9.73808210811849
1.344,746292.27,12.2051122845311
-0.723,39055.05,0
1.597,29508,0
1.255,267161.88,10.4423173727117
-1.112,451974.56,9.52301086692081
-1.074,156485.31,7.98830203073858
-1.021,1324502.54,10.4771189470945
-1.015,2735634.41,12.2733663676134
-0.46,1215182.3,0
-1.09,104203.6,0
-0.725,5087840.82,13.6158349061708
1.326,461905.1,9.29666943290781
-0.801,655818.16,0
-0.924,842507.79,8.75655491431841
1.059,25851.33,0
1.101,5446197.14,12.9113978717628
0.684,649799,8.37816098272068
-1.102,56706.34,0
1.483,11533.95,0
-0.605,2642928.98,12.603116426929
-0.562,183994.26,0
1.541,135030.91,0
-0.888,3985402.56,13.2180980125693
0.961,41050,0
-1.058,8958.28,0
-0.926,49559,0
-1.058,134554.02,4.89783979995091
-0.846,823982.45,0
-0.908,2943199.78,12.228259389345
1.531,115084.79,5.52545293913178
-1.362,61668,0
-0.08,773910.67,0
-0.908,4603075.18,12.7519089017144
-1.316,9283.27,6.21660610108486
-0.925,93203.09,0
-1.421,36343,0
0.885,321947.52,0
-1.212,7521.15,0
-1.022,397776.28,10.5619291513783
1.136,407288,10.1658902778025
1.482,305021.76,9.39274525863144
1.866,33623,0
0.167,47638.95,0
-0.979,886443.94,9.81471098214528
-1.369,7260,0
-0.962,107765.68,0
-1.177,1425.28,0
-1.001,3883284,12.638178256476
-0.754,651741.75,7.31388683163346
-1.076,112430.52,5.30330490805908
-1.051,26460.01,0
-1.117,29675,0
1.573,141496.62,9.59906615608005
-1.042,5425.97,0
-1.004,92041.4,7.31388683163346
-0.65,3384889.76,13.0075424977289
-1.023,460608.81,5.36101043588646
-1.28,58407.4,0
-0.45,1249436.99,13.2238782681162
-1.121,53232.28,0
-0.969,86564.64,0
-0.56,163217.45,0
1.455,8896.77,0
1.169,342797.5,0
0.153,14581.7,0
1.356,253514.56,9.10509096125709
1.016,165,0
-1.051,41941.12,5.01727983681492
1.647,13191,0
0.372,79963.06,0
1.141,196075,9.52886682772295
-1.092,29171.29,6.31095410520883
1.401,6213448.49,8.5173931714189
1.238,602161.61,0
0.374,1086643.11,11.3832295645752
0.785,11332.39,0
-0.928,43421.45,0
0.747,184320,8.92279162396964
1.323,2461275.21,12.2936718080734
1.237,487156.68,8.56617381363786
-1.584,4180.24,0
1.033,1545,0
1.367,2040980.87,13.0221795727602
1.112,15500,6.90875477931522
-0.458,17160,0
1.163,1090673.35,13.1253409400616
-0.89,9145124.54,13.426215989099
0.823,92040,7.84424071814181
1.171,985643.72,12.3187654143995
1.146,118199,8.00670084544037
-0.936,3320188.01,13.1914393761028
-0.981,11232.23,0
-0.967,57397.87,0
-0.697,1620536.24,11.6318029237493
1.252,215241.73,5.72720598959979
0.727,18657,7.60140233458373
-0.949,501766.01,10.4027768884838
-1.08,245856.38,8.69968140098951
-1.088,75202,9.21044036697652
-0.883,138025.78,8.37816098272068
0.468,22535,0
1.116,93796.25,8.65538869016764
2.227,25627.02,0
-0.722,96061.2,7.60140233458373
-0.764,137015.32,8.56617381363786
-1.099,27770.12,0
-1.033,145068.89,8.56617381363786
-0.692,118663.12,0
-0.92,515371.17,0
-0.698,278264.23,6.90875477931522
-0.796,580578.79,11.2056838796676
1.256,138283.18,8.00670084544037
1.244,163951.56,8.8394216076206
0.128,212632.86,0
-0.523,132391.7,3.25809653802148
-0.979,6306928.1,12.904555938684
-0.893,1856255.36,11.3211715631453
0.99,514562.19,0
-1.029,352081.05,10.7941190848252
-0.883,2219341.71,13.0946741033055
-1.079,132596.2,5.52545293913178
-0.971,17847.8,0
-0.757,2017224.45,10.8733380085046
-0.85,187621.12,0
-0.971,80014.33,5.52545293913178
-0.953,1727747.61,12.4152216483563
1.237,13589.8,0
-1.106,89061.17,0
-1.004,4160972.28,12.1952075333922
-0.905,108405.85,0
-0.791,26325.28,0
0.181,88863.15,0
-1.047,34426.36,6.53821218005004
1.781,11246.24,0
-1.14,8637.68,0
-1.067,104646.14,6.62140565176413
1.015,537660.56,11.2663981316731
-0.56,1018677.7,12.1434096977381
0.879,125850,0
-0.731,265790.29,0
1.317,241810,0
1.265,247170,9.43356392009056
-1.061,141105.86,0
-1.237,51907.96,0
-0.481,843741.2,9.34583234141334
-1.057,170947.85,9.25940668848824
-1.021,66145.63,0
-0.795,710128.97,9.47278155656217
-0.508,70058.05,3.24337329646859
1.702,20253,0
-1.098,125887.04,2.70805020110221
-0.822,1876162.65,11.3685474599522
0.651,856814.05,9.40927319457533
-0.74,872553.82,11.1961715383651
-0.851,77088.41,0
-0.663,2345004.77,10.4357321436754
-1.042,151324.26,8.41048732673767
-0.791,176470.99,8.52734152246805
0.031,31169,0
-0.38,603485.25,0
0.97,986102.49,10.3672530148147
0.933,1257752.91,12.4763898170151
1.292,2793833.01,13.0568131446591
1.259,565344.82,11.9750922159477
1.809,46468.26,0
-0.849,587183.73,0
-0.956,110102.18,0
-0.82,4123139,11.8474386410277
-0.771,20583.09,5.30330490805908
1.537,63710.98,0
1.475,32169,0
-0.522,47110,0
1.27,31792,4.61512051684126
-1.081,19204.87,0
-0.931,31248,0
-1.071,410418.88,8.73780875004787
-1.11,22532.59,0
1.373,14050,0
-0.82,898580.07,0
-0.756,693572.44,9.59906615608005
1.536,76938.87,4.70953020131233
2.269,31929.53,0
0.675,494717.67,0
0.751,32285.07,0
-0.859,2618549.15,11.804654636856
-0.072,75715.87,0
0.942,1230842.13,6.90875477931522
-0.892,18835,0
-0.972,47262.45,0
0.443,36052,0
-1.014,132152.79,0
-1.071,19550.26,8.5173931714189
-0.18,107471.9,0
0.364,72011.79,0
-1.03,2494,0
1.687,67708,7.76259604854007
-1.092,15136,0
1.06,415109.45,7.60140233458373
-0.61,257329,0
-0.843,2905005.64,9.51051903575725
-1.154,13903.16,0
0.407,39192.04,0
-0.809,136211.3,0
1.114,13383.37,0
1.24,844037.02,11.3508658417399
0.768,19259,0
1.435,7315.85,0
-1.234,11127.21,0
-1.365,17322,0
-0.854,20100.06,0
-1.153,38075,0
-1.138,4257.48,0
-0.969,7265,0
-0.875,53875.21,6.21660610108486
1.273,99966.73,7.31388683163346
1.251,276438.37,8.59433940059289
-1.141,421369.75,8.25862969487077
-0.577,2510256.26,12.9285552781481
1.283,144447.34,7.82444593087762
-1.346,10411.74,0
-0.982,7318.02,0
1.375,598230.31,10.9979852210864
-1.021,157247.12,9.41953752277549
-0.757,137153.22,9.41909773655968
-1.032,524941.35,9.06021491339854
1.203,22361.49,0
-0.82,547361.09,10.0179762790208
-0.45,721399.31,10.9151066458675
1.288,37273.54,0
0.528,478170.43,8.5173931714189
1.325,13028.72,0
-1.062,1061573.92,9.84454295618627
1.386,81331.34,8.61268517287546
1.231,999245.1,12.6075748450117
1.398,239418.39,9.60245002503719
1.648,59561.06,0
-0.541,127727.18,6.21660610108486
1.033,98542.03,8.29429960885724
-0.696,1934178.33,0
1.155,662739.22,11.8758379151571
-1,645926.18,6.55250788703459
-1.002,55029.07,8.34753353337487
1.626,148455.7,0
2.089,34519.57,0
0.534,213468.8,8.41205487329293
1.507,1895147.95,12.6340826631908
1.479,29903.07,0
1.313,159554.5,8.61268517287546
-1.135,13954,0
1.904,50106.01,0
-1.391,2995,0
-1.062,489172.45,10.1322552586006
-0.436,64535.97,4.61512051684126
1.58,335108.72,9.95232533461943
1.184,117077.62,0
1.371,707057.75,12.3526437873812
1.1,1038984.33,12.8276475056834
1.465,146579.87,8.88613261817495
1.35,905242.7,11.7388895149359
1.368,50137.77,0
1.915,10018.54,0
0.808,162155,6.21660610108486
-0.448,112582.61,0
1.467,1865423.71,12.7584427323732
-1.14,19431.18,0
-0.74,8524.4,0
1.265,106985.62,6.21660610108486
-0.75,675230.25,6.90875477931522
1.073,238692.19,9.35018926709258
0.893,89466.44,0
0.937,2543070.4,13.8372604547666
-0.257,58967.62,8.03947991910045
-1.075,5352,0
-1.066,283984.38,7.00397413672268
0.856,74339.88,0
0.948,937707.84,9.87657308595525
1.164,1897308.6,13.4352846983797
-0.632,4211689.46,12.8758467668811
-1.069,14657.22,0
-0.776,1482709.21,8.98732181285012
-0.829,1492163.61,13.0474551589851
-0.76,36287.65,0
-1.278,2738.1,0
-0.727,1637103.82,11.5664946675129
-1.235,146046.3,8.77971129020447
-0.97,36983.65,6.21660610108486
-0.072,1704918.17,10.6223268460195
-1.025,13098,0
-0.503,54519.77,0
0.089,4350,0
-0.777,341189.07,9.75562539179374
-1.187,22322.73,0
-0.792,873126.05,12.6152538404271
-1.142,133276.77,9.43715716865669
-0.019,34423,0
-0.729,604230.6,10.4267653254914
1.335,202905.02,0
-1.14,305207.2,5.01727983681492
1.476,25680.4,0
-1.239,23298.98,0
1.33,318412.83,9.63240035365618
1.362,40346.71,0
1.181,1466445.23,12.4452903132472
0.872,21980,0
1.537,325678.07,8.29429960885724
1.422,34836.95,0
1.84,47924.5,0
0.536,17095,0
-1.034,21667.2,0
-0.543,33439.54,0
-0.571,91250.5,0
-0.847,14901.78,0
1.354,5375,0
1.351,2103473.83,13.2056305669977
-0.408,16283.93,0
1.347,119028.56,8.24301946898925
-0.832,4278196.33,13.0300076867953
1.628,31675.96,0
0.757,37925,0
-1.048,206193.33,0
-0.947,8450.17,0
-1.135,30932.86,0
1.311,226600,0
-0.87,54625.86,0
-0.877,339187.49,6.90875477931522
0.828,322796.69,10.4118401208197
-1.299,14080,0
-0.913,16001,0
-1.148,39117.58,0
-0.748,183092.07,10.6764883459692
-0.637,1403536.62,9.26397592114209
-0.35,139417.92,9.01201137703641
-0.75,78731.09,0
-0.971,36119.61,7.09090982207998
0.462,73700,0
-1.044,119100.64,7.0653144290835
1.324,57344.58,0
-0.788,779295,10.828936222195
0.645,754776.65,6.39024066706535
-1.256,18313.47,3.95527404742246
-1.475,16403.37,0
1.899,47018.77,0
1.247,356446.69,10.463131911492
0.786,31240.97,8.61268517287546
1.667,76307.05,0
-0.817,1637103.82,11.5664946675129
-0.978,1979326.23,11.6969186238586
-1.175,131261.75,7.84494607496403
-1.068,350391.91,0
-1.103,6142,6.21660610108486
-1.053,436895.65,7.25629723969068
1.226,17115,0
-1.053,506912.95,9.02769916409926
-0.12,23552.73,0
-0.966,5115,0
1.607,52860,0
1.395,74193.31,6.90875477931522
-0.52,196825.78,9.15915233520675
0.633,1520974.91,0
1.513,5644.59,0
1.078,1827157.42,12.5170475708779
-0.841,40407.86,6.90875477931522
-1.093,51246.43,0
-0.923,15550,0
0.749,510412.7,9.77174028170511
-0.015,262745,10.2292237926068
-0.684,303110.16,7.67368812926773
0.833,83384,0
1.466,57254.16,0
0.769,131212,10.0727660843581
0.908,195405.06,9.25922576970599
-0.964,14181196.89,12.0206273148308
1.142,270374.99,10.525434069085
-0.84,884076.29,8.62569775935775
-0.95,81458.67,7.49609734517596
-0.96,30817.2,0
-0.879,134517.27,8.77971129020447
-0.897,3556,0
-0.716,175768.13,6.90875477931522
-0.993,473098.14,9.59601425272319
-0.891,8504867.51,12.9433201290802
-0.902,140127.85,0
0.898,514433.53,9.53971605897709
1.462,586332.1,10.3336777930311
-0.831,2770,0
-0.939,1209688.24,11.2104816386445
-1.007,64238.3,7.44522478111232
1.732,5525,0
-1.215,797,0
-0.894,606159.38,10.4252827894907
-0.944,1387653.64,11.9254721063955
-1.124,63566,0
0.795,994644.64,10.2036291813376
-0.912,20295.79,0
-1.323,7859,0
-1.313,78807.36,0
-1.223,222546.48,0
0.582,376821,8.5173931714189
-1.018,161796.18,8.10955572544642
-0.944,4810435.04,13.3790956271941
1.324,182336,8.30671904320269
-1.172,4757,0
1.038,1669131.56,12.2187455045617
-0.914,60134,6.90875477931522
-0.642,24317,8.00670084544037
1.003,16980.57,0
-0.944,78063.15,8.16080392095467
-0.932,23960.72,0
1.336,134043.56,9.95232533461943
-1.032,13478.34,0
-1.124,31416.7,8.5173931714189
-1.084,29796.44,0
-0.707,713853.16,10.5484090970507
1.369,124010,0
1.255,554379,9.04793908261736
1.174,122192.2,9.43356392009056
1.185,985526.2,12.5346603090079
-1.198,33924.86,6.21660610108486
-1.139,44843.96,7.86365126544865
-1.124,1280,0
-1.085,1666003.3,11.8459742769259
-0.2,270417.42,11.1272776899325
-0.687,3100,0
0.758,325931.1,10.3214113939789
-1.083,72150.2,7.69936675081207
0.253,19278.86,0
-0.151,121143,0
-1.064,1491070.15,11.6917002393611
-1.092,17096.86,6.41813652486054
-1.036,78672.22,7.86365126544865
-1.226,5753.2,0
-0.937,183296.01,9.50843925062301
-0.904,51853.84,8.77971129020447
1.484,77818.5,0
0.662,6244.35,0
-1.084,4605,0
-0.91,208155.4,9.75718524351579
-1.96,5423.68,0
-1.353,14979.2,0
-1.147,8109.36,0
1.326,82935.59,3.93182563272433
-0.466,393973,9.56458235867321
-0.125,114530,6.90875477931522
-0.989,282355.12,10.0239740416779
1.952,10750,0
0.554,117816.32,0
1.14,86993.65,0
1.505,42527.82,0
-1.009,337942.2,9.51051903575725
1.338,46768.77,0
0.181,885320.25,9.77001330113616
1.253,2197940.02,12.6419877444139
-0.038,287592.87,9.278092474027
-0.25,450694.05,10.6794892531482
1.096,8962.08,0
-0.849,21668.89,0
1.358,272985,7.60140233458373
-1.054,62276.6,0
1.58,35230.13,5.18043432589132
-0.887,565680.42,0
1.852,52810.18,0
0.797,425255.86,9.71111565988867
-0.65,37554.46,0
1.352,760193.75,0
1.074,393401.99,9.74102685663686
1.26,1645908.41,12.4945656390965
-0.508,43295.81,0
1.313,2907665.64,13.2538331388269
0.968,694900.84,9.72609383397847
0.387,694241.17,8.3429588448049
2.088,35835,0
-0.044,2273.4,0
-1.097,1097584.95,10.5465564897087
1.593,72709.69,0
-1.031,598542.59,0
1.062,77401,7.31388683163346
1.528,39639.59,0
-0.841,70425.87,9.12978086411777
-0.966,467514.71,10.3255147489433
-0.848,166845.21,8.95557714628151
-0.985,1949643.68,11.6512513332061
-1.291,54842.26,0
-1.167,8295.09,0
-1.356,20291,7.90137735379262
1.535,33267,0
0.945,109973.72,0
-0.944,385047.55,9.04593731568457
1.76,43084.98,0
1.396,1201139.87,7.2086003379602
1.647,22549,8.16080392095467
-0.537,64000,0
-1.141,220822.38,8.18060094759445
0.846,74602.45,0
0.335,7489.45,0
0.877,57074.9,0
2.246,48571.35,0
0.348,257503,0
-1.139,14372,0
0.802,12393.46,0
0.662,7506.96,0
-1.01,20399.01,0
-0.163,62176.11,8.10611636704049
-1.097,47006.71,0
-0.583,44570.15,7.04224246469089
0.824,243854.67,11.361387203139
1.707,182010,0
-0.378,120366,6.90875477931522
1.269,92477.7,8.5173931714189
1.59,384666,0
-0.762,68547.33,9.327151379811
1.4,136405.05,8.69968140098951
1.262,278280.9,10.032364379457
-0.894,306032.78,9.94034971726869
-1.115,144712.13,8.53796201845774
0.276,69009.38,0
-0.89,1935937.32,12.6989362640155
-0.529,62327.3,7.31388683163346
0.082,61542.79,7.60140233458373
-0.921,19789,0
-1.157,140713.02,0
-1.144,10313,0
-0.781,1432269.64,13.0979693682275
1.642,74197,0
-1.126,8660,0
-0.529,100741.11,0
-0.818,402482.15,9.13849737129842
-0.617,33171.3,9.0217190130337
-0.896,185147.02,8.08671792030391
1.163,10975,0
-1.094,23027.73,5.70711026474888
-1.194,11905,0
-0.917,4144106.29,12.9284449804444
-0.666,198480.76,8.96200720958831
-1,211153.96,9.28275405248523
-0.311,893196,0
1.001,82474,6.90875477931522
-1.341,3875,0
-0.577,14695.23,0
-0.875,9920,0
1.896,30330,0
1.527,6777.83,0
1.549,9538.83,0
0.368,110605.19,9.61919971315236
-0.723,15500,0
1.324,314048.06,8.74846362994206
0.014,135271.75,0
1.319,165993.74,0
-0.971,42117.04,0
1.211,1769588.98,13.0868299570239
-1.107,52578.08,0
1.034,24127.69,0
1.77,30384.46,6.31173480915291
-1.044,10502.75,0
-0.984,34138.21,8.79800169492485
-1.089,64189.35,0
-0.955,2432206.52,12.6902415962011
-0.632,212777.5,9.98845993552295
0.57,650509,8.80252249828442
-0.218,6877,0
-1.26,12074,0
0.909,263794.8,9.14430740137174
1.476,38825.81,0
2.29,29980,0
-0.308,317826.27,0
-0.995,4860761.14,12.9749535634711
-1.005,180148.55,0
-1.055,73019.4,8.1363104459187
2.121,74669.83,0
1.334,61852.15,0
0.866,655,0
1.467,23441.51,0
-1.225,39593.31,0
-1.565,12303.07,0
-0.964,2704006.03,12.6951925452596
2.266,183070,0
-0.7,4477267.6,12.8336620123169
1.149,2069164.06,11.1732621422453
1.201,879106.19,12.4177547648528
0.93,601425.64,11.1633821730969
-1.235,21214.17,0
-1.107,87600.24,8.08815644219434
1.492,40564,0
-1.209,11175,0
-0.99,114912.25,8.5173931714189
-0.669,146682.19,0
0.98,76037.51,8.61268517287546
1.571,54976.96,6.5875500148248
-0.243,35695.64,0
-1.112,12370.08,0
-1.073,3238.05,0
1.48,94570.86,0
1.406,73237.31,8.74049672993181
-1.58,19132.26,0
1.124,57145.75,0
1.146,8060.54,6.90875477931522
-1.013,388067.99,8.5173931714189
0.654,58583.46,0
1.559,54713.56,6.90875477931522
-0.156,18679.89,6.90875477931522
0.945,44730.13,7.60140233458373
1.996,47325,0
-1.275,12509.54,0
1.176,1298558.89,12.1387221745648
1.491,56807.88,0
1.442,22442.61,0
-1.161,69574.53,0
-1.056,9120.84,0
-1.084,28226.07,0
-0.908,52426.93,0
2.035,11351.13,0
1.003,10020,6.90875477931522
-0.828,2366991.03,12.552259930731
-1.068,14535.25,0
0.747,420688.08,6.90875477931522
-1.071,5127,0
-0.859,2215,0
-1.052,3075,0
-0.684,2283287.27,13.6851709917522
1.744,1375,0
1.202,1482610,0
-0.979,1010,0
-0.997,28342.72,0
0.278,379575,0
-1.085,27151,0
1.572,28214.83,0
1.959,8829.28,0
1.569,107564.9,0
1.266,70929.64,7.13169851046691
0.891,24875,0
1.471,204799.35,0
-0.535,106171.27,0
1.428,342037.73,8.00670084544037
0.312,46790,0
-0.919,690533.84,10.3006180238542
0.878,1522103.44,12.8769192820961
1.323,403867,0
0.731,252052.27,6.90875477931522
0.555,521262.95,9.89264144559533
-0.796,33815.72,0
-1.087,11474.83,0
-0.436,1896368.05,13.6688371865928
-0.684,35412.74,0
1.648,1200,0
1.368,7956.79,0
1.107,68129.02,7.60140233458373
0.863,13998,6.90875477931522
-0.911,761526.66,11.6994601341291
1.38,3257.04,0
-0.694,56578.06,9.55212277041343
-1.01,55824.6,0
-0.639,267175,0
-0.359,86895.26,8.22977775008189
-1.209,12736,6.37672694789863
1.686,17832,0
-1.097,24773.15,6.39924364254788
1.97,29539.3,0
1.336,250772,0
-0.201,34466.05,0
1.334,8428,0
-1.14,24306.42,8.81596356085344
-0.858,181806.44,11.0821579333748
0.747,50169,0
0.462,1316801.72,6.90875477931522
-1.453,95158.2,0
0.321,396501.24,6.90875477931522
-0.717,19108,0
1.29,310905,9.21044036697652
0.422,18077,0
0.958,38285.99,7.60140233458373
-0.818,1757650.35,12.3973591055587
1.767,23704,0
1.422,15809.81,0
0.896,49574,0
-0.734,34613.05,6.90875477931522
-1.058,76689.84,0
1.029,30397.6,0
-1.03,3600,0
-1.544,169040,0
-0.578,273448.07,0
-0.823,5855,2.63905732961526
-0.028,367494.49,9.7981825908907
-0.66,275005.05,8.35490952835879
-1.032,50187,0
1.333,81618.47,0
-1.177,26436,0
1.335,87122.16,7.82444593087762
1.567,21952,0
1.446,161366.96,8.5173931714189
-0.516,576803.54,10.6666504146677
-0.633,3580,0
1.421,12330,0
-0.113,46462.36,0
-0.837,63006,0
-0.026,50031.42,0
1.162,217665,9.43356392009056
-1.077,24103,0
1.1,24783.35,4.61512051684126
0.701,108375,8.21635833238616
1.685,5553.72,0
-1.088,21443.41,0
1.498,23354.81,8.73499288974801
-1.23,210238,0
0.364,27301.52,0
-0.943,23088.67,0
-1.358,19863.68,0
1.535,77077.25,0
1.223,935843.75,12.4981990149475
-0.947,74822.91,0
0.981,750096.46,11.2879176770463
1.677,5380,0
1.837,48894.9,0
1.265,2314018.67,13.0307830331074
1.443,22384,0
2.422,46610,0
1.428,23157.67,7.60140233458373
1.625,29359.1,0
1.021,3150,0
0.677,153231.07,0
1.604,5928.94,6.67680634476827
1.84,20223,0
-1.042,50686.47,0
0.652,26214.29,6.21660610108486
-1.146,16994.33,0
-1.155,10527,0
1.467,43186.5,0
-0.982,102750.57,8.22963377810818
1.357,329036.95,6.90875477931522
-1.032,610,0
-1.483,118016.88,0
-0.959,19977,3.71357206670431
-0.756,17459.91,6.21660610108486
-0.963,266464.82,5.70711026474888
1.57,149876.59,6.90875477931522
1.448,153164.7,0
-0.327,39740.27,0
-0.86,2108840.58,11.990097092623
1.267,103289.22,0
-0.946,1862958.18,12.8836379568494
1.061,131458,0
0.66,139031.46,0
-0.411,40151.02,0
-1.021,9494.81,7.11044302972894
1.819,26310.9,0
1.598,5243,0
1.625,11491.27,0
0.837,1951976,12.5256444786124
-1.596,19250,0
1.292,770,0
1.751,17014.33,3.93182563272433
0.112,8161,0
0.545,35701.57,0
-0.188,4357.44,0
-0.922,96970.51,8.5173931714189
-0.464,535859.59,10.0941492336051
-1.12,12633.79,0
-1.341,10452,0
-0.821,17660,0
-0.345,561695.39,11.1879014467093
1.212,156883.78,9.59906615608005
0.154,150379,0
1.25,20639,7.09090982207998
-0.588,149648.39,0
1.627,9288.48,0
-0.193,23305,0
1.786,6890,0
-1.199,47449.69,0
2.262,6372.64,0
-0.531,30015.4,0
-0.979,13370,0
1.512,6274,4.61512051684126
-0.931,9438.94,0
-0.434,13050,0
1.317,10780,0
-0.912,23208.47,6.21660610108486
0.584,50174,0
1.212,26127.27,0
0.759,9370,0
1.858,28930,0
-1.41,5731,0
-1.022,9395.78,0
1.268,33258.3,0
1.786,5064.38,0
-1.199,1000,0
-0.987,15865.49,0
-0.826,4000,8.29429960885724
-0.922,2165.17,0
-0.98,4944.65,0
-1.175,181.44,0
-0.847,2106.6,0
-1.048,370492.34,9.69590972432601
1.866,11286,0
-1.055,82797.5,0
1.283,341992.44,0
1.443,56599,0
-0.979,3073.18,0
-1.013,137309.06,0
-1.177,12.7,0
-1.001,4187790.7,12.9169919865202
1.428,61969.54,0
1.317,906,0
1.529,529296.19,7.82444593087762
-0.939,8494947.77,13.7932311856658
1.386,41440,7.60140233458373
-0.962,60649.38,0
-0.827,1035947.27,9.77001330113616
1.398,1500,6.90875477931522
-0.832,6691506.61,13.8740777423542
1.648,3300,0
-1.011,5777600.05,13.7553265528121
-1.019,29597569.83,13.2206628122035
-1.077,387965.58,7.31388683163346
1.628,13235.7,0
-1,2228218.18,9.99884318585288
-1.596,1800,0
-0.8,12656.82,0
-0.937,6918062.11,13.6540386096022
-0.817,5781704.79,13.2986646318233
-0.56,800,0
1.626,263293.31,5.30330490805908
1.479,51590.11,0
1.169,2300,0
-0.858,661.99,0
0.662,989.93,0
-0.998,216825.56,7.84613621572902
1.604,25171.17,0
-1.019,248995.11,9.62343496804873
-1.04,55341.13,0
-1.062,2942987.88,12.5953754443371
-0.163,485.18,0
1.647,2500,0
-1.035,4925,0
0.808,4500,0
-0.719,3548.51,0
1.395,102449.89,6.71533490031077
-0.943,2119.05,0
-1.042,315755.75,7.90046245928428
-0.988,419.66,0
1.237,4934.1,0
-1.142,815388.01,8.03947991910045
0.792,27993.17,0
-0.897,1658.22,0
1.367,71567.99,9.58992888352817
-0.89,4116059.9,13.4619425823967
-1.118,4097.07,0
1.146,2000,0
-0.919,85.8,0
-1.135,218.1,0.741937344729377
-0.894,199.92,0
-1.14,6505.88,0
-1.115,1176.74,0
0.908,49122.3,0
-0.964,76973.7,0
-0.886,3577000.89,13.8353758793736
-0.781,1577146.54,13.5702402428899
-0.947,5333.43,0
-1.021,14727,0
-0.818,1340,0
1.422,2231.3,0
1.352,871622.95,11.0355990897446
-1.044,60294.39,8.8343122140257
-0.886,1130,0
-0.909,18788.23,0
-0.531,122915.31,6.39859493453521
-0.891,37677.01,0
0.898,1500,0
-0.543,10689.97,0
-0.939,7060.76,0
1.508,2850,0
-1.007,56011.36,2.65745841498615
1.732,635.77,0
-0.857,1639.98,0
-1.094,261.84,0
-0.894,1429.15,0
-0.917,25071,0
-0.944,1146889,11.2921749231236
-1.058,162165.29,0
-1.015,3272252.49,12.7780966464835
-1.073,1548077.87,10.8307629316589
-0.833,11390.58,0
-1.024,777.99,0
0.582,1730.06,0
-1.161,21166404.22,11.0135506958733
0.545,64.91,0
-0.4,1261620.55,6.21660610108486
-1.097,151.44,0
1.001,2885.49,0
-0.698,571786.13,8.69968140098951
-0.978,1523.09,0
-1.051,3486.01,7.81883646470405
-0.81,1784959.8,8.98732181285012
1.145,6857.09,0
-1.111,4612.4,0
1.256,2700,0
-1.018,142419.53,0
-0.966,66762.53,8.37816098272068
-0.979,7494242.57,13.5683182520511
0.948,227678.37,0
-0.893,2291.21,0
1.324,10129.65,6.21660610108486
1.319,694015.88,0
1.336,134454.03,9.97585472466203
1.326,448759.42,9.10230962776248
-1.079,4615.38,0
1.36,4389.24,0
-0.632,2076278.09,12.5756100126958
-1.032,71476.53,5.52545293913178
-1.121,17859.33,0
-1.124,59903.66,3.04452243772342
-0.992,61596.06,8.29429960885724
-1.107,2650,0
-1.084,194333.82,8.24301946898925
-1.147,165.25,0
-1.019,5449.92,0
1.028,7700,8.5173931714189
1.034,624.89,0
-0.953,1278.53,0
-1.004,6332416.91,12.7849035773028
1.313,380484.74,11.7865796044374
-1.011,721.92,0
-1.038,304296.74,9.47690273515999
-0.694,539.58,0
-1.047,29641.61,6.65672652417839
-1.038,41.23,0
-0.884,1126.1,0
-0.955,986.9,0
-0.806,13845.44,0
1.097,4306.37,6.80060427246291
1.015,17330,0
-0.896,4883182.35,13.2598708847974
-0.632,4169.55,0
0.57,67974.91,6.21660610108486
-1.085,4093645.42,11.8344475022013
-0.2,282120.47,9.43356392009056
-0.56,412,0
-0.889,225,0
-1.23,10002.36,0
-1.083,41438.35,8.5173931714189
-1.026,20064.47,0
-1.026,5477.47,0
-0.964,27,0
-0.795,41810.41,0
-0.631,68,0
-0.822,4216.54,0
-1.058,41482.7,0
0.96,1477443.1,12.9390352181561
0.651,222.8,0
-1.152,281958.33,0
-1.064,2190613.26,11.9928710091921
0.909,150.6,0
-0.74,5553.8,0
-0.605,1716428.08,13.1982244434192
-0.497,27099.42,0
1.476,26310.78,6.38208670834637
-0.943,18008.38,0
-0.66,1640.96,0
-1.092,63616.76,0
0.662,35788.7,0
-0.072,2234.71,0
-1.021,8778.97,0
-1.036,10120,0
0.981,2425.45,0
-0.937,93387.97,9.308650592609
-1.041,218,0
-0.965,276062.51,8.65712903171375
-0.906,6267.08,0
-0.888,72301.69,0
-1.055,150670.82,6.8983713876718
1.292,3160008.64,12.906073783966
-0.91,75641.08,9.11063052782717
-1.034,45152.53,5.30330490805908
-0.956,885559.08,10.6770850499934
-0.82,40129.43,0
1.537,71165.39,0
-1.072,2080,0
-1.176,6315.1,0
-0.9,5358994.51,13.388394893891
-0.886,14195.85,0
1.205,4598.21,0
1.475,35364,7.31388683163346
-0.907,200,0
-1.142,74674.43,8.29429960885724
-1.063,34.16,0
-1.023,2913538.56,11.7913466625894
-0.846,24287.3,0
-0.95,6294903.05,14.0534407737186
-1,5938111.02,14.0975107012862
-0.729,1794.26,7.43897159239586
0.154,5600,0
-1.032,321,0
-1.097,15057.96,0
-1.084,30,0
-1.565,377.16,0
1.427,3109435.77,12.9669976263436
-1.088,343746.08,0
1.333,608811.51,0
1.149,3690747.29,12.3779271129743
2.269,329,0
-0.779,18532.1,0
-0.973,792.45,0
-0.645,108.74,0
-0.953,6886951.68,14.0627096721665
-1.358,552.36,0
1.335,580,0
-0.327,69835.47,0
-0.908,141094.71,0
-0.859,324,0
-0.86,82974.24,0
-0.788,612.14,0
-1.009,1811.5,0
1.338,335843.07,9.49182830026464
1.1,17230.9,0
-1.112,76.11,0
0.942,108000,0
-0.867,700,0
1.492,32748.37,0
-0.99,325,0
1.358,816334.46,9.98741501247141
-1.256,22330.64,0
1.25,131393.78,8.44124691523195
-0.946,2078148.04,13.4105903913485
-0.516,2328.39,6.90875477931522
0.98,260.13,0
-0.977,4216908.97,13.5633554878716
-1.174,37500,0
-1.005,5064049.2,12.5533611039251
1.819,8196.66,0
-0.852,1368748.11,13.0777423632385
1.138,93447.5,0
1.013,1715885.12,9.25922576970599
1.852,1693,0
1.352,3446386.04,11.0381102787273
1.074,1200,0
1.26,77100,0
-0.843,7713562.28,11.0974251724089
-0.983,3904057.8,13.555785280306
-0.689,12000,0
-0.947,6259589.71,13.8503484111728
1.559,65302.36,8.5173931714189
-0.924,954,0
-1.1,16901194.24,13.7355312416148
-0.156,2500,0
1.478,668055.42,8.61268517287546
-1.256,5818.71,6.90875477931522
1.313,6473025.12,13.1826146966108
-0.897,4523137.53,13.8327032037887
-0.999,177769.45,0
1.24,1953,6.21660610108486
-0.629,1406325.87,13.8069219714163
1.512,23624.37,8.5173931714189
-1.11,78083.34,8.62173337069016
1.521,39595.21,8.5173931714189
-1.234,90,0
-1.076,2346614.32,12.9878076202976
0.996,5650,0
-1.275,1720.32,0
-1.059,6405.7,0
-1.06,2645.82,0
-1.044,24364.17,0
1.376,26871171.4,13.8296983535146
1.212,9112,8.5173931714189
1.176,24725.56,0
-1.161,1700783.12,8.26359043261732
-1.108,287,5.66296048013595
-0.809,2134402.98,13.8161009336582
-0.972,6095804.97,13.9541690918081
-0.998,7540661.34,13.6727252107032
1.273,1000,0
1.251,212020.37,9.2687036152731
-1.03,192754.77,0
-0.568,2230112.44,14.1990243764538
-0.577,2020240.34,13.3938579564817
1.351,1614574.2,12.8917740751565
-0.967,6348267.98,13.3793899911566
-1.022,260453.04,0
-1.07,228587.69,6.95575465437005
-1.084,77167.5,6.97844670710467
1.528,387348.15,8.69968140098951
1.375,1715148.4,12.4595552771141
-1.021,1506.23,0
-0.887,2660,0
-0.828,99.99,0
0.984,1033.08,0
-0.875,171.51,0
-1.068,50523.2,4.6910726149888
-0.966,4891.75,0
1.345,837715.85,12.3470627464533
-0.985,5253251.54,12.7381351322903
0.617,3010251.47,14.072081922091
1.334,37118.25,0
-1.111,1466.21,0
1.556,12628.25,0
-0.823,215078.64,8.69133807682604
1.665,8654.25,0
1.592,8.26,0
1.46,30.12,0
-0.772,2155.4,0
-0.993,2537921.76,13.1083590327305
-1.64,4725.75,0
1.435,5000,0
-1.067,28156.22,5.99396142730657
1.443,33249.05,0
1.472,139.5,0
1.472,5254.74,6.90875477931522
-0.325,2965203.83,0
-1.055,2111541.85,12.9515774289005
0.805,11148.99,0
-0.548,1455776.69,13.6703435736319
-0.743,578602.48,5.52545293913178
-1.017,10038.52,0
1.047,2700.92,0
1.279,353.59,0
-0.932,155214.63,11.3445186475948
-0.78,3853955.38,12.8976851741139
-1.141,16664.03,0
1.291,1837.5,0
1.506,947208.87,7.9348429224988
1.385,6196669.33,13.6330113813969
-0.284,1115842.18,13.5841888187486
1.076,672821.38,12.7622568379853
1.455,6066373.26,11.0516992016955
0.984,601762.36,12.8470076886429
1.346,1287890.68,13.156283528907
-0.802,1204483.8,13.3677395423814
-1.035,22950,0
1.117,59503.16,0
1.489,741074.64,0
-0.817,1187465.66,13.3609093323517
0.804,18227.18,0
0.953,69817.63,0
1.224,28663630.1,14.33824658247
-0.34,2013939.46,14.0632283616938
-0.857,3416902.11,14.1764627295093
1.079,1283402.11,13.5134604241751
0.983,650,0
1.488,4644,0
1.19,25919.34,0
-0.697,1735398.35,13.408017499955
1.415,8376.75,0
-1.061,43214.36,0
-0.818,7869.7,0
-1.051,1930.72,5.46383180502561
1.359,3126230.61,12.9983884615621
0.711,13242.05,0
1.457,4034800.46,13.0778050155156
1.071,48325.01,0
-0.828,1318518.23,12.1704506492207
-1.154,29777.86,0
1.535,7900,0
1.229,3215369.8,13.3630125041236
1.039,54243.64,0
0.809,22379.23,8.66790367483347
1.352,479682.07,12.7325777020141
-0.506,657184.72,13.0561722915335
-0.612,1680669.1,13.1556066457924
-0.551,14000,0
1.067,271421.41,10.8336022910034
0.977,4300,0
-0.842,3917727.13,0
-1.093,1193511.31,13.0817309482488
-0.916,1826462.48,13.5218235720541
1.071,1428508.39,13.5260019517482
1.31,919678.33,12.8932042688519
1.14,544643.34,13.0493930348277
1.42,5290,0
-0.696,705568.45,12.593377177438
0.31,10149,0
-0.877,701417.43,0
1.203,839.24,0
-0.193,765,0
1.043,26858.53,0
0.705,434.07,0
-1.093,150.04,0
0.343,22230.11,0
1.288,134789.74,0
-0.47,23309690.66,7.60140233458373
-0.48,4608825.11,14.8465721489983
-0.795,22801668.9,14.1835275292438
-0.871,5063556.19,14.6696775446479
1.443,391616.03,9.64994922465118
1.469,22733.44,0
1.413,0.2,0
-0.618,1556088.5,13.181836955848
-0.878,2300,0
-0.891,1883240.22,13.5642774120941
1.189,93238.61,10.7568122862102
-0.84,967876.68,13.283207605372
-0.834,1940163.42,14.0066853423635
-0.115,799734.22,13.3285658353262
-0.922,1033949.78,12.7581316959666
-0.828,2467107.76,13.7833240864216
-0.567,749181.71,13.1639113995028
-0.781,2529487.62,13.9021702481193
-0.467,1425670.39,13.8233308992271
1.086,4095745.97,13.3520614011558
-0.844,2942935.7,13.1647540608884
0.339,347752.66,12.183320773484
-0.933,923478.05,12.8403346280985
0.992,1243064.68,12.9269821612817
1.436,49935,8.5173931714189
-0.482,3625299.95,13.872462268776
1.039,1202888.07,13.5207833265579
1.293,2517871,12.4950076826937
1.341,15108.17,0
0.818,526599.11,8.5173931714189
1.161,3860.33,0
1.44,58442.97,0
1.447,2300,0
1.152,18800.21,0
1.305,448655.14,12.4568352549204
1.159,2211927.61,13.9353942390526
1.266,38160641.59,11.0178255416657
1.036,4611245.23,14.5092100459744
1.013,121222.72,8.5173931714189
0.63,2115266.99,12.9540117531188
-0.316,1382551.43,12.5933669941214
1.148,692898.61,12.1472135923048
-0.693,387488.98,12.6158650440641
1.062,16813993.53,12.9337685849487
-0.905,2233947.37,13.636949509587
0.889,50130.59,0
-0.781,612404.28,12.9048986708845
-1.083,158712.89,0
-0.928,1830740.69,13.6696870458387
0.949,1128158.85,13.2502679943762
1.033,966801.25,13.2291288216876
-0.373,2171039.72,14.3812809332267
1.351,669026.33,12.4293001933166
1.197,216297.5,11.9922666135761
-0.25,9355.35,0
0.553,610.58,0
0.582,1597458.73,13.8019891240059
-0.632,11266.92,0
-0.867,944087.15,12.5040258142161
-1.065,1888202.33,13.0843499352061
-0.959,27976365.38,14.4436215629105
1.26,2076411.14,12.4645296326757
0.69,11618.45,0
-0.707,5000,8.5173931714189
-0.786,1638227.33,13.8801750086724
-0.511,1514134.26,13.4546124231812
-0.637,1023901.06,13.5261617639702
0.615,1950289.86,13.6400799598837
-0.775,2126589.58,13.7257963753203
0.014,2146774.73,14.0253293030421
-0.661,2186.62,0
-0.322,610001.64,12.7690828089067
-0.664,1263616.56,13.8460612564636
-0.847,1178717.48,13.2909758256495
-0.781,1956686.38,13.5597159787779
-0.972,19598362.66,13.1409790260101
-0.604,1103806.22,13.3347694881758
-0.92,568105.49,0
1.29,1582899.41,10.9505733617364
1.209,1563479.87,13.007432365858
-0.466,10358.47,0
1.034,912210.75,13.1114209670029
1.265,3521992.26,14.0269753776008
-1.033,5452642.06,13.7142682618986
0.774,532.77,0
-0.765,87823.39,0
-0.945,3984992.26,13.5117096726324
2.171,406330.19,0
1.231,900313.05,12.7979370960629
0.837,1675758.26,13.7336898931613
-1.053,142480.8,6.90875477931522
0.936,2019992.07,13.49287534663
-0.65,5638024.49,14.2329402705441
0.748,905501.13,13.1908968207036
-0.45,856155.61,13.3499785162527
1.344,1019271.64,12.380364340772
-1.115,2243.66,0
1.507,5098026.87,13.3171354373444
1.016,62145.32,0
-0.491,1137105.39,13.317165065706
-0.865,12265.32,8.56617381363786
-0.785,6405639.24,14.1101513323908
1.371,923531.7,12.9408534911167
1.1,1610327.03,13.6637886363146
1.151,3107848.12,13.7855318020545
-1.119,46595.57,0
1.467,19485631.71,13.6748463586777
-1.052,211.83,0
1.323,1284960.47,12.0546740086897
1.294,1582985.81,12.9425211445451
1.155,1347006.19,12.5044572411151
1.169,1694504.29,13.0950763908343
1.317,1041650.45,12.7050311325438
1.078,1363583.92,13.5285628824437
-0.828,7085878.98,12.1909268752242
2.262,13066.94,0
-1.239,6223.73,0
1.163,2264455.66,13.5589601601738
1.311,409880.6,6.90875477931522
-0.936,4644289.9,13.8428173019534
0.878,1136433.6,13.3959734165958
0.851,1073555.31,13.1225733353616
-0.89,1479735.15,12.8452967610955
1.421,3112.26,0
-1.074,154714.91,8.93590352627442
1.637,66282.87,8.71979928551288
1.292,55,0
-0.78,5980141.93,13.7613057238925
-1.146,2956.44,0
1.236,1423804.46,13.3015165869495
0.779,2393596.6,14.0427082083024
0.821,3017019.07,14.4689294165594
0.937,2020933.71,13.8350314985316
-1.431,3119,0
1.183,3204552.27,14.0110781638763
0.846,517605.63,8.98732181285012
-0.436,1417964.85,13.6703600844975
-0.892,6149102.8,14.0749675156928
-1.076,5693662.64,11.743223601095
-0.958,6020522.04,13.3636557343032
-0.311,3211870.43,13.0576349715731
-0.805,9323126.22,13.7597988007413
-1.341,9768.46,4.61512051684126
-0.364,2126017.21,14.0042830874189
1.064,8429429.05,14.2486688650803
-0.856,18591155.2,14.8192534030229
-0.944,8479218.21,14.1048349111345
1.429,2868121.64,12.8041114934133
-0.962,2274489.29,12.5893917307342
-0.89,6494469.85,14.0734287687513
-0.969,7358014.54,13.8675395951267
1.164,4326538.52,13.7897264053608
-0.883,3222282.25,13.7068736028583
-1.032,4524583.42,12.8440983186999
1.211,1273004.75,13.5110543293647
-0.812,7812597.19,12.7790409195007
1.7,78070,4.61512051684126
1.185,802895.66,12.6984827395352
-0.28,71319.43,10.5840812670245
-0.984,13267,0
-1.134,1429836.58,11.6686424888684
-1.032,606.52,0
1.19,2602490.35,13.7525185736552
1.354,9093.1,0
-1.101,5810874.12,12.2097847969625
-0.762,2391906.46,7.82444593087762
-0.745,5884928.62,14.3149542627436
-0.829,1328806.4,13.0823901059501
-0.986,9135389.92,13.5676261732096
-1.26,2698.6,0
-1.057,3932.1,4.61512051684126
-0.858,5382793.11,13.4115319594531
-0.982,498960.51,12.4312181915151
1.693,7798.23,0
-1.278,610,0
-0.334,5033892.33,14.9558036690544
-0.241,1630814.25,14.0312315098188
0.927,1425219.6,13.9846080948945
-0.995,5790837.15,14.0854450191273
0.933,1085492.42,12.8156352617744
-1.084,42350.72,5.30330490805908
1.259,371674,12.3080695104523
-1.032,7862452.21,13.7113204682019
-1.019,2418560.74,13.7233963655471
-1.123,145516.16,6.55798501421693
-0.996,5706347.83,13.8659016114549
-0.792,838108.77,12.9367588375139
-1.008,2835512.46,12.7122591753202
0.82,1010346.7,13.5276337865599
1.388,582993.13,12.7884307133372
-0.125,94956,9.7111762641128
1.467,17992.96,0
-1.11,2418,0
-1.236,8542.09,0
1.726,7635,0
-0.908,5303913.83,12.9872190733086
-0.964,8678503.63,13.6760407679085
-1.107,79075.81,0
-0.7,3922822.03,13.6074616939681
1.201,768470.93,12.7687580032265
1.223,1130466.71,12.660648501336
-0.899,52025,0
1.505,1136065.13,0
-1.107,62658.26,0
1.253,2869733.18,13.1113168283235
-0.669,218,0
-1.073,7429.1,0
1.124,53069,0
-1.052,6429130.92,12.5134139894149
-1.122,27524.86,6.21660610108486
-1.001,840.12,0
-0.317,1000,0
-1.016,34769.22,0
-1.097,2479555.32,11.6672647270147
-1.056,19678.28,0
1.034,3296307.58,13.6427047821748
-0.58,1327196.11,13.5623110683569
-1.066,2655142.94,12.7891854047324
-0.682,986394.45,13.3822646111003
-0.664,875926.24,13.3901758503173
-1.02,82636.53,0
1.214,2535447.58,14.0085019721686
1.549,3611.83,0
-0.305,1257881.45,13.8075388683089
1.199,1359031.83,13.2908862858944
-0.25,608930.06,12.9216864019225
-1.021,19271.68,5.03043792139244
1.154,141221,9.10509096125709
0.387,1306012.24,11.5622012255044
1.072,1358388.43,13.537846140832
0.485,4240717.33,14.4074732577489
-0.533,947183.81,13.4050679978692
1.531,285847.2,9.28100384722726
0.796,1642609.97,13.8394233543819
1.315,1029942.47,13.2620488298977
1.511,18637124.6,11.8674375716618
-0.494,2960576.85,13.9355560013341
-0.725,4797552.81,14.067365686707
-0.419,1607398.33,13.7992551518335
-0.419,7799293.92,14.4104661369084
0.928,3790454.61,14.1876332683859
1.452,2325418.77,13.6093795197048
-1.16,8137.5,2.69124308278583
-0.818,1177056.64,13.4004510706446
1.153,887644.57,13.0908338860299
1.492,75251.77,8.09860028966252
-0.917,5676522.49,14.328725341414
1.235,10615.92,0
1.129,1985526.54,13.4383422084827
-0.612,518979.3,12.810937641967
1.405,1323911.12,13.0997156017092
1.291,767293.29,12.328737081078
-0.859,173,0
1.197,741257.02,13.0377875774421
1.234,13522287.1,15.2189424786322
0.977,1180898.63,13.8217421015032
1.33,1223958.73,13.4269409290186
0.88,3260958.75,14.4596431354203
-0.784,6411078.44,13.8064802068
-0.672,636162.75,13.1409417261655
1.168,2389983.85,14.1886747430518
1.178,6797.35,0
0.566,2799099.32,13.4882614393262
-1.178,42802.1,4.61512051684126
-0.573,15728.79,0
0.731,1609445.83,13.5691636283496
-0.619,3154665.17,14.3865694121395
0.929,1025977.41,13.1027747672049
2.563,27049.12,0
-0.851,2046187.4,13.9490878757842
-0.361,1208554.85,13.6506159853302
-0.88,2156444.85,13.3669378453182
1.644,130480.29,0
1.443,1704233.12,12.8043073172042
1.252,2155977.5,13.4702819963811
1.407,1829916.45,12.8656239518283
-0.712,1199156.96,13.6382876051704
1.524,22729.8,8.5173931714189
1.092,4419970.26,14.4101453430957
0.683,1184750.4,13.4121378941668
-0.364,1068464.88,12.4152465947312
1.237,544358.08,12.3171711672987
-0.381,1560584.3,13.9319776258926
1.075,881729.37,13.5281630961908
-0.286,1128729.72,13.6106816156312
0.704,3839114.1,14.3988043673114
1.3,13349928.94,14.3265703603083
0.094,8718.07,0
-0.391,1124280.24,13.0531226180529
-0.808,806729.36,13.0526938484649
-0.059,83674.49,0
-0.182,2236982.06,13.9127289251115
1.19,1479931.94,13.3665809043715
-0.773,841868.49,13.3049615625998
1.303,893357.37,12.3948359099036
-0.397,1379891.97,13.8137730493701
1.178,1902371.34,14.0795395513859
1.225,2845770.03,14.2161654086456
-0.591,1633275.73,13.7531377113931
1.316,2316783.53,13.6715333573581
1.025,1534896.16,13.3677772538404
1.065,239310.54,11.9015902344
-0.8,1815927.75,13.6447007539537
-0.756,1056341.59,12.9031346531452
0.871,1782976.83,13.7280415417283
1.127,36715.03,10.3735224312936
-0.301,627572.46,12.7476728370496
0.833,1948780.91,13.8454537523371
-0.329,1751438.48,13.6324419221763
1.27,899982.15,13.3661734964362
1.12,2347613.19,14.002765757636
1.707,5959.5,8.5173931714189
1.224,2298670.48,13.4306367660554
0.914,75727.21,9.97119292889014
0.975,3423234.37,14.2416162428445
-0.905,1293769.38,13.1709743445666
-0.774,2557718.74,14.0629079914944
-0.509,443052.64,12.5266174252456
0.989,951886.52,13.1342601295816
0.898,173.34,0
-0.486,1639811.54,13.9609469527475
1.214,2446005.09,13.700434296936
-0.175,993228.15,13.5491439156576
1.076,940860.14,12.8717411466423
1.134,1485908.61,13.2760998285936
1.079,1718361.51,13.4498683854832
-0.212,939747.01,12.9732854759197
1.102,1415987.79,13.6602020414361
1.097,1686288.77,13.4346907442538
-0.433,3447751.06,14.6147878079995
-0.833,3955709.11,13.975513087983
1.308,4020493.92,13.4921331881054
-0.836,961897.39,13.235693848424
0.883,1816062.45,13.8004994529686
1.157,1670650.65,13.8981278040525
-0.744,1991087.32,13.6596898627706
0.732,2942391.5,14.0607339848128
-0.6,1097894.5,13.5771848385731
-0.38,2238648.69,14.2506714233365
1.07,1801573.27,13.5596084437551
-0.922,2607624.75,13.4364117829458
-0.744,1858773.82,13.4111124504085
-0.551,3069723.16,14.0301182543025
-0.562,1090539.1,12.6624874890163
-0.74,4201480.15,14.3280648427345
-0.478,1296240.64,13.0786225438817
0.254,616672.45,12.2898449281463
-0.718,821446.14,12.8288000441934
1.007,3523.98,0
-0.684,3516730.34,14.3741079189075
1.012,1080122.16,12.8612609165278
-0.65,593734.97,13.0697657379917
1.083,994848.24,13.2944658130576
1.252,1045962.12,12.1692423091486
1.243,505.7,0
1.2,4181801.44,14.5976525272517
1.164,1642500.38,13.7009181144512
0.955,9633.93,0
1.258,5653505.76,14.5637329721057
-0.398,1087214.74,13.3978737290923
-0.658,1677147.06,13.9697755426871
-0.167,1023775.59,13.4591941211827
-0.447,911202.1,13.1163473171492
1.33,1464744.63,12.1297404786112
1.115,231563.52,11.9287075693748
0.842,561615.07,13.0519430590282
0.931,5011860.29,14.8670432026887
-0.76,3610180.42,14.0649169303972
-0.914,1639545.16,13.875266397793
-0.709,545760.47,13.05301544289
-0.623,737136.68,0
-0.345,606355.5,12.9080878883335
1.356,1232199.41,12.7491263214523
1.288,1858809.75,13.4749240694037
-0.212,1556370.74,13.9154875584738
-0.985,2013696.47,13.4887424832853
-0.704,683348.24,13.1060327557149
-1.088,7792.19,0
0.606,1094784.26,13.5761461698269
1.352,1181751.43,12.6290370767701
-0.947,2189500.94,14.0333099345814
1.038,4623991.32,14.1995417317181
-0.762,492416.82,12.7690428012782
-0.695,1284956.04,13.680665159555
1.105,877151.28,13.2894037696661
-1.168,235.3,0
2.203,59078.58,0
-1.128,33256.45,0
-1.098,121500.58,7.35742226336969
0.308,175504.46,5.52545293913178
-0.979,9117.66,5.52545293913178
1.145,1277366.69,12.9101007386693
-0.823,187001.16,7.99631723179675
2.39,54951.82,0
0.263,49385.92,0
1.216,415115.87,12.4808632286595
-0.349,31762.46,0
-0.963,18746.22,0
-0.953,388780.87,7.1708884785125
1.322,332278.55,11.7300509439589
1.105,1057453.39,13.0255428696287
-1.049,13921.17,6.21660610108486
1.319,1527352.26,13.3772318182497
1.453,176002.01,0
-0.591,1108481.77,13.1670215117225
-0.825,1587329.92,12.8471929469056
1.185,7472.79,8.47657950853094
-0.623,670965.37,6.90875477931522
1,2633.66,0
1.237,3740779.05,12.3509333064503
1.006,2300601.01,14.2026095840508
0.939,791888.23,13.2777966629126
0.972,1865287.47,13.8697392398833
0.629,3333083.36,14.3596941656998
1.108,36056.18,0
2.334,5865.88,0
-0.578,17751,9.7111762641128
-1.05,3575.41,0
-1.069,9505.55,0
-1.13,171589.77,5.52545293913178
0.947,3506503.67,12.7401546314603
-1.12,21418.01,0
-0.47,88588,0
1.408,1594081.93,11.1704492404313
1.274,316132,0
-0.849,697377.33,0
-1.004,3045110.35,13.9494039837969
-0.511,511333.55,8.60355435706428
1.347,92524.65,8.16080392095467
-1.234,4173.19,0
1.289,146898.04,0
-0.585,623737.88,9.77394818118114
1.154,168080,6.90875477931522
1.08,504760.05,11.7304507835295
-0.922,27289.52,0
1.29,133966.25,9.45727857185611
-1.064,236573.97,9.10509096125709
1.148,1874948.63,13.2372059340867
1.437,155124.3,6.90875477931522
1.471,16702.45,0
1.478,3407337.9,9.86791218702221
1.438,59694.5,0
0.941,1802,0
1.191,827661.5,13.2016384058722
1.235,1337163.2,13.6986856881204
0.939,1960690.42,14.2519677578158
1.355,1708431.08,13.1338197221639
-1.369,16181,0
1.393,2423319.48,13.467652573011
-1.134,830,6.21660610108486
-0.677,26586,0
1.062,1160520.21,10.0591198485136
1.333,316822.29,9.35884658027541
-0.64,708829.96,12.9886751496247
-0.942,192106.13,0
0.766,671229.61,12.9085536302961
1.147,1056939.69,13.5867273838302
1.327,2381758.79,14.1103490048749
1.157,25071.98,0
-1.87,65349.03,0
1.223,1907336.43,13.1915831991361
1.33,170532.92,7.60140233458373
1.271,285390.17,8.63070043220983
-0.691,1253138.86,12.7529302789338
-1.038,4040,0
1.325,801737.4,13.2144884902639
1.234,836255.71,13.2035764768252
-0.751,171494.53,0
-0.975,745196.43,9.84166533889278
-1,60717.88,0
1.174,11972.36,7.73150080498603
1.511,600996.55,12.1618647168658
1.137,558132.19,10.2471127172904
1.279,5096.95,0
-0.604,412591.56,12.8271208768055
1.327,8379.85,0
-0.784,77748.85,0
-0.231,884597.08,13.3156265227681
1.512,3782.54,0
-1.045,382903.57,7.1831648514318
-0.604,176499.6,6.90875477931522
1.441,476219.87,9.39274525863144
-0.877,44829.95,0
-0.107,40696.28,6.90875477931522
-0.812,106874.52,11.4020050773849
1.38,100849.8,0
1.085,895705.07,8.8538082749772
-1.11,131355.03,9.01808968410434
-1.14,5812,0
-0.505,705314.84,0
-0.924,81751.68,0
1.616,33382.2,0
1.521,17427.68,0
-1.057,419049.5,0
1.27,651498.66,12.3887813357117
1.355,2344516.53,12.8661825559879
-0.688,2019757.38,13.6608357824895
1.159,672648.24,12.7397873052
-0.517,782503,13.3271281407219
0.947,3247939.38,14.1932001395159
1.07,809351.41,12.5681145664479
1.337,462460.91,12.4626548413951
1.292,484319.12,12.1509615462755
1.102,3873477.95,14.0522887338875
-0.399,1012481.72,13.5407464745156
0.923,2792231.87,14.3340965917037
1.165,2168867.75,13.7526250698145
1.223,1827226.5,13.8212522130701
0.323,2752019.23,14.2120164855341
-0.321,591095.55,12.941481583654
-0.127,1228393.21,13.8430294168578
1.172,63608.52,10.8444904090054
1.017,1726997.53,13.5999401454078
-0.439,2034595.25,14.2240429571219
1.146,1594841.86,13.8027634577953
-0.699,1547275.17,13.8105639838141
-0.761,721946.5,12.5834845840296
-0.719,708252.89,12.8375813623846
0.546,1386941.44,12.9705539546944
-0.404,3240051.35,14.6110793899479
1.199,2026937.9,14.2791477141597
-0.752,1020534.26,13.0135547014467
-1.074,1858402.52,13.088343198003
0.998,990772.81,12.9560188100651
-0.791,1632646.85,13.6311681606469
-0.487,1390151.56,13.9208553314982
-0.443,483426.15,12.832681974289
-0.998,1898759.09,13.44444977512
-0.579,3003976.72,14.5102881486829
-0.981,852093.62,13.118004270287
0.949,3580511.92,14.6650138417593
-0.702,5286362.26,14.6183904705985
-0.631,1828860.71,13.8213315828773
-0.345,605810.03,12.6278273547324
1.169,1511709.3,13.9447618038151
0.877,3646564.23,14.3774435220294
-0.587,663350.52,13.0432294949573
1.016,4428.7,0
1.01,3643336.22,14.150729151961
-0.466,892192.37,13.1160166796588
-0.794,1337508.73,13.149236654519
-0.594,476563.73,12.4049276026276
1.461,564861.28,11.3890323884736
-0.739,1215128.7,13.6581111132773
1.08,1877434.13,13.6034936256031
-0.559,1040201.15,13.5184863163582
-0.54,1415880.41,13.8403585633586
-0.636,549990.33,13.0963346706375
1.154,22350.41,0
-0.553,2204638,13.3949051822499
-0.824,1795701.51,13.1967117492312
0.845,1765007.79,13.4350565483098
-0.332,2734418.97,14.2915427786802
-0.874,879340.53,12.4840662106
-0.499,864884.29,13.3877573400056
-0.698,1172557.2,13.5456094628076
-0.424,24000.99,8.5173931714189
1.019,271371.29,7.41436201574651
-1.042,101228.05,8.63070043220983
-1.019,2047923.27,10.1366210378797
1.109,69552.16,7.82444593087762
0.627,409892.99,9.21044036697652
1.446,9284.52,0
1.4,4411122.74,13.5462223955421
1.432,73550.4,0
1.112,81712.09,8.74049672993181
1.72,181890,0
-0.969,78547.02,0
-1.161,41030.76,0
-1.049,84005.43,7.00397413672268
1.435,1412756.96,10.6754690186139
1.574,30839.75,0
-1.184,10925,0
-1.163,258992.26,0
-0.94,67095.98,0
1.294,404043.87,9.94034971726869
1.577,175123.13,9.01808968410434
1.584,36691.69,0
1.651,16721.92,0
1.496,24833.76,0
1.564,36533.61,6.90875477931522
-0.974,4945025.58,13.4465870919242
-0.969,1810047.74,10.0304109101089
-0.59,127573.21,0
-0.594,114804.76,0
-1.033,9083.14,0
-0.865,1330187.45,10.5713425658087
1.464,98348.17,0
1.202,757577.04,9.32821229257107
1.476,7611866.36,12.9828736979623
-0.958,21543.35,0
-0.962,2537935.85,11.2114815310023
-0.888,262293.06,0
-1.034,26567.26,0
1.672,120600.36,7.55013534248843
-1.083,264080.02,9.10175243155928
1.544,16549.05,0
-1.123,102339.88,3.93182563272433
1.28,1732344.74,10.0647982524184
1.278,3779470.46,13.192544076478
1.709,6553.85,0
2.617,1685.63,0
-0.846,963179.43,10.0441186822759
-0.901,428700.32,7.43897159239586
1.375,380630.31,9.97223346019669
-0.805,1006403.24,11.2033521856576
0.352,222662.39,0
-0.275,76979,0
-0.418,2220924,12.6114744182994
2.004,25483.99,0
-0.636,84102.99,0
1.617,68704.22,0
-0.585,1149317.75,7.9728107841214
-0.915,17159.82,0
1.38,316136,0
1.768,38419.05,0
-0.936,2305077.63,12.4731980577244
1.671,66750.94,0
-0.359,204201.55,9.77286620732769
1.205,6160,0
0.714,3934329.98,13.019800921302
-0.979,62599.16,6.90875477931522
-0.405,269673.64,0
-1.005,38420.79,0
-1.221,6115.75,0
2.41,125620,0
-0.84,596491.6,9.43746000817797
-0.982,374924.21,8.86799089818209
-1.118,27985.93,0
-0.955,3135517.64,12.8488618047247
1.498,51835.51,0
-1.09,15666.63,0
-0.753,94453.43,7.60140233458373
-0.905,99229.8,0
0.932,1107033.71,8.24301946898925
0.919,149008.38,9.12695876303713
-0.92,872010.13,0
-0.676,84015.14,0
1.436,495330.4,6.90875477931522
1.164,952066.48,9.7111762641128
1.229,104618.73,0
-1.362,60295.91,6.76041469108343
0.856,446090,8.5173931714189
1.428,5689,0
1.601,28955.28,0
1.405,60159.04,0
1.172,31836.29,0
1.461,405912.49,8.52684644844438
2.009,10830,0
1.386,220516.92,9.25922576970599
1.308,75887.4,0
-1.056,191001.24,9.54688403461792
-1.114,22102.05,6.21660610108486
1.499,86124.04,0
1.011,77674,7.60140233458373
0.435,639008.83,7.28000825288419
-1.076,120606.01,0
1.458,366684.55,0
0.924,262744.65,8.20248244657654
1.4,10140614.3,13.7071157657641
1.144,33457.38,0
-0.966,69115.5,0
-1.038,15924,0
1.168,139233.45,8.63070043220983
1.242,17362.98,0
-0.953,1878105.57,12.0666948818489
-1.041,409500.75,8.31982215719046
1.581,28093,8.12444685571585
-0.823,190419.39,0
0.879,167746.86,9.61587214452889
1.287,1323944.09,10.8818324721456
1.133,491715.7,10.2256072829329
1.179,182564.96,8.29429960885724
1.869,125770.62,0
-1.019,47147.9,0
-1.016,160,0
1.934,46488.62,0
1.527,412450.92,8.5173931714189
-1.26,23609.82,0
-0.941,255725.13,9.42250386244723
-0.872,77145.39,0
1.301,30077,0
-1.409,20474.8,0
-1.09,123659.35,0
-0.363,723723.15,8.89918494333876
0.932,2100505.21,9.81307038241166
1.795,5413.42,0
1.224,11644.88,0
-1.009,21694.01,7.93784958338651
-1.05,2159987.81,7.13169851046691
-1.134,108036.61,0
1.426,5178803.11,12.8823701644959
1.275,375371.25,8.49847917137211
1.583,18901,0
-0.418,13146.46,0
1.315,96269.43,0
1.876,15120,0
1.39,6428812.51,12.9010998826757
1.151,519919.43,6.90875477931522
0.758,10559,0
1.527,10620815.58,9.4642846724431
1.657,23282,0
-0.661,53242.48,6.21660610108486
0.892,427650.26,9.5367622727439
-0.958,3022017.35,12.4496476068075
1.476,28872.83,0
1.037,243912.36,8.37816098272068
1.233,2882972.22,13.1879657074965
-0.904,4380059.16,13.5592639076779
-0.949,4262215.2,13.3874327336559
-0.925,14175,0
1.466,397099.11,9.57540006544931
-0.823,1354728.96,10.1464729460639
-1.025,81202.99,6.59867250299027
-1.101,149002.98,8.52610535980281
1.436,311551.27,4.61512051684126
-1.227,3119.79,0
1.59,83747.71,0
-1.095,212499.47,0
0.857,2152683.96,12.7562122473309
-1.086,11138.08,0
-0.758,31645.51,0
1.181,125252.78,7.38025578842646
-0.811,103762.06,6.21660610108486
-1.046,5209,0
-1.157,2448.73,0
-0.842,29241.73,0
1.405,258510.94,9.62251624577579
1.342,1140245,8.5173931714189
-0.996,108559.59,0
1.736,5646.54,0
1.296,2709379.62,12.7324270709138
1.611,2631427.34,10.9979412060554
1.58,186390.33,6.55250788703459
1.146,5395,0
1.485,20937.13,0
-1.117,20647.65,0
-1.083,138668.44,6.97760778088097
-0.964,20256.96,0
-0.985,245760.8,0
-1.156,26081.94,0
-0.988,712616.17,9.04793908261736
1.396,219453.72,0
-0.642,86610.98,0
-1.065,2028916.45,11.4266583927353
-0.933,18539.27,0
-0.858,26944.3,0
1.389,645778.75,9.54688403461792
-1.079,2915373.03,12.0164026751586
-1.113,214728.14,6.21660610108486
1.35,337895.88,0
1.522,200298.65,0
-0.343,80452,0
-0.786,5396,0
1.29,120806.02,6.91869521902047
1.376,139968.54,0
-0.865,361985.95,9.54688403461792
-1.051,71524.67,0
0.799,11021.16,0
-1.015,166562.61,9.39331338319428
1.803,153290.74,0
1.116,128457.99,0
1.641,21836.49,0
1.579,9726.52,0
0.892,1060012.28,10.9114637209448
-1.118,1764.25,0
1.208,1314550.7,11.9039602888695
1.437,12051,0
-0.787,26851.1,0
1.395,54828.01,0
-1.072,22658.08,8.77971129020447
-1.074,1688876.58,10.2248022780136
-1.05,5175373.02,11.1714637817362
-1.249,272.87,0
0.059,9879.41,0
1.506,263697.75,6.90875477931522
-1.061,5784,0
-0.381,80094.95,0
1.317,5873153.58,12.6842526320779
1.036,1186824.4,11.6132322319254
0.586,14897.47,0
-1.029,45530.07,0
1.003,37862.2,7.74109909003537
1.139,3297857.2,11.8977183678089
-1.139,10300,0
1.771,16095.84,0
-1.128,59966.81,0
-1.006,649360.28,9.39176402577587
-1.014,424558.24,10.3150818387974
-0.987,691.76,0
-0.985,63051.17,0
-1.114,58267.43,0
1.271,531380.87,8.17498453294309
1.418,9803,0
-0.975,5787797.38,13.2618455241186
-0.702,28008.7,0
1.406,678088.6,10.4773161440809
0.018,174062.58,0
1.359,308254.26,0
1.333,147300.68,8.00670084544037
1.655,190580.08,0
1.328,6014678.85,12.7935287002312
1.481,843709.55,9.60245002503719
-0.136,9470,0
-0.777,97892.83,0
-1.047,1242168.22,11.1691898739392
1.505,121747,0
-1.125,215919.23,0
1.313,3430323.45,13.3875765644507
1.495,88702.02,0
1.26,439399.72,8.29429960885724
-0.791,161328.25,5.99396142730657
-0.978,10428476.26,13.2444769339164
1.505,308539.5,9.23999625688369
1.555,171496.53,8.61268517287546
1.478,283799.46,0
1.532,244794.15,6.90875477931522
0.451,87594.48,0
-0.913,681820.75,10.6908791178699
-0.858,520727.52,4.36475330600342
-1.084,5611.23,0
-1.141,6244.39,0
-0.945,15193.2,6.21660610108486
-0.994,168860.28,8.35490952835879
1.422,121314.84,0
1.523,21845,0
-0.894,4546246.6,13.4450742304705
1.343,808984.84,9.97585472466203
-0.956,8000,0
-0.961,2377879.72,12.4177264416854
0.925,61740.39,0
-1.009,498833.7,5.30330490805908
-0.901,171764.14,7.2086003379602
1.483,5462320.88,11.7164865247566
0.633,6719.3,0
-1.051,858170.46,8.77779898760733
-0.868,4072743.29,12.9423031179493
-0.93,585484.73,9.72621323696369
0.688,210565,9.84033473753086
1.15,680174.77,9.30574145673943
-0.447,27945,0
0.91,105561,6.5875500148248
0.876,82271,9.13572457859539
1.066,305779.82,8.5173931714189
-0.943,3005459.76,12.5104299601031
-0.628,49690.45,0
0.205,25297.08,0
-0.772,390930.29,10.3890261370752
-0.103,68498.11,0
1.407,11208556.71,8.86799089818209
1.51,748340.66,9.10509096125709
-1.23,51739.99,0
-0.926,58269.34,0
1.646,34752.78,0
-1.115,72673.66,0
-1.132,22166.79,0
-1.054,190840.91,8.52734152246805
-0.925,7941633.19,12.7842298455961
0.337,37670,5.52545293913178
1.124,162020.08,8.16080392095467
0.968,59244.07,4.79579054559674
1.372,426001.85,9.73845664713759
1.377,12191.26,0
0.931,774285.6,6.21660610108486
-0.888,426865.98,9.62251624577579
-0.997,73455.82,0
1.796,12964.93,0
-0.778,55093,0
-0.946,41724.45,0
0.95,1698564.62,12.0190159958573
-1.06,617430.25,9.13667445594741
0.437,948734.15,6.90875477931522
-1.066,32172.72,8.53719187792293
-0.628,20939.72,0
1.128,1558168.65,11.9049743094802
1.268,305804.83,8.16080392095467
1.485,14028.85,0
-0.994,148097.74,9.28321901738876
-0.958,42436.01,0
-1.069,6014.95,0
1.124,249787.84,0
1.537,12195123.85,9.41009246383302
1.399,1889619.35,11.7123990805817
0.837,129736.85,0
-1.043,63470.34,5.52545293913178
1.185,463311,0
-0.938,3840545.09,13.1327845280975
0.935,3501196.66,12.7846020102112
1.499,1032752.48,10.1366210378797
-1.031,751623.64,9.58902472216857
-0.893,193771.01,0
1.417,855398.9,9.34635617589363
1.531,79584.69,0
-0.736,36779.19,0
-1.447,41782.61,0
-0.947,38103,0
-1.141,10278.11,0
-1.189,139.8,0
-1.064,2213933.62,10.2110803346783
-0.864,2993050.23,12.3400964169164
-1.009,76752.53,0
-0.95,606922.34,9.10509096125709
-0.948,13359.45,0
-0.797,4019766.56,13.3785805254674
1.467,289895,0
-0.885,366445.75,0
0.758,689724.19,11.0544708879414
-0.869,80761.14,5.52545293913178
1.557,20931.67,3.93182563272433
-1.113,81262.24,7.70210434005105
-1.446,26852.34,0
-0.579,476883.07,9.36742958721896
1.373,3266599.58,12.174459679939
-1.125,6833.11,0
1.269,157617.97,9.25922576970599
-0.979,20867.42,0
-0.531,848425.56,9.89095940195886
1.923,32613.67,0
0.213,186037.9,9.21044036697652
-1.035,392382.24,0
1.454,2286934.81,9.40927319457533
1.273,93194.52,0
-0.91,3457414.59,12.662282229119
-0.898,743209.55,10.3467967857092
1.204,84539.03,7.82444593087762
1.524,37568.85,0
1.156,430195.32,9.25922576970599
0.983,31591.47,6.39859493453521
1.528,80227.41,0
1.462,147959.35,9.10509096125709
-0.927,26229.58,0
0.69,52926.11,0
1.184,3410550.83,9.77001330113616
-1.33,2180.13,0
1.186,35248,7.6004023345004
1.562,65175.15,0
1.868,12917,8.5173931714189
-0.283,34823.2,0
-1.167,5780,0
-0.986,187704.76,0
0.824,30740.32,0
1.417,4134769.7,8.90567489448399
-1.005,7940.38,0
1.329,1323490.16,9.15915233520675
-0.21,432411.61,11.2442043585276
1.356,270292.35,9.61587214452889
1.556,81731.71,0
0.912,245212.74,0
-1,356059.69,8.41205487329293
1.157,2615977.24,12.3501773184989
1.132,15043,0
-0.773,118661.85,9.85224688834253
-1.006,101908.54,0
-1.254,7729.54,0
-1.241,52095.6,0
-0.857,2353501.24,12.298656384698
1.086,232546.86,9.5819728915479
-0.994,99214.31,2.87638551592142
1.436,2652454.74,12.8024842033245
1.309,1157204.78,12.6842129880085
-0.276,35093.19,6.28965991073291
-0.664,328089.75,7.82444593087762
1.257,25755,0
0.439,44200,0
1.192,488618.42,8.00670084544037
1.217,288345.59,9.278092474027
-0.504,138293.05,8.69968140098951
2.352,327126,0
-1.232,10628.41,5.52545293913178
1.884,18881.24,0
1.186,68481.36,0
1.583,12172,0
1.808,19361.5,0
-1.172,2812.57,0
-0.966,122470.75,9.65990721038654
1.432,2598806.26,12.6674107120047
1.636,27016.75,0
0.559,22620.81,0
-0.745,138321.63,4.61512051684126
-1.039,803627.69,9.68188968104315
-0.959,20023,0
1.364,232124.96,8.81001204797317
-1.172,725,0
-1.136,8794.7,0
-1.007,42022.71,8.1958853913148
-1.077,9317.38,9.0958695947304
-0.608,232249.59,0
1.489,3152055.95,12.044441557079
1.349,156175.45,6.95749737087695
1.454,42144.28,7.82444593087762
1.245,1387188.55,11.3748236438309
-1.05,84623.6,0
-1.231,3470.09,0
-0.851,801745.25,9.70314335932187
-1.085,6513.07,6.21660610108486
1.601,62216.58,7.60140233458373
1.616,834145.51,6.90875477931522
1.343,2646134.94,12.8751716988994
0.448,108041.13,0
-0.797,147797.34,0
0.262,108337.73,0
-0.913,24032,0
-1.025,35215.93,0
1.302,2226109.6,12.0467896512128
1.198,793009.14,11.3059135955833
1.32,1606573.31,12.5579646695214
1.136,1230461.12,10.7579241570616
1.227,1558492.67,12.640128449876
1.212,352242.45,9.69153860714864
1.269,46600,0
1.28,2058085.15,12.5459162640799
-1.016,448432.79,10.2854973905632
1.477,355047.91,8.57565076098781
-0.404,230293.46,7.98989937494294
1.414,6288.6,0
-0.906,12952.53,0
0.729,32755.1,0
1.309,28060.2,0
0.235,216124.07,8.69968140098951
-1.011,214750.44,6.21660610108486
1.535,3326715.16,11.2398166843679
1.541,15696.99,0
0.929,28165.96,3.38371206732114
1.336,1255905.78,11.8817754810109
-0.527,1718981.63,12.6920818125374
-0.822,46977.4,0
-1.003,13065.55,0
1.468,176238.94,9.21044036697652
-0.191,14044.19,0
1.43,35908.06,0
-1.148,2868.63,0
1.513,279592.75,9.21044036697652
-1.086,15956.89,0
1.461,335056.74,8.5173931714189
-1.047,109767.15,0
0.585,286727.66,9.30574145673943
-1.126,5775,0
-1.037,30082.42,0
1.963,10000,0
-1.648,6165.15,0
-0.353,191779,0
1.63,13454.11,0
-0.982,12344.89,0
-0.946,327169.41,10.163965423497
-1.161,34851.24,0
1.594,29579.95,0
-1.075,2971,0
0.951,2028339.32,11.9576048759547
1.193,125797.96,8.20731458856737
-0.638,1401841.6,13.2762889233194
-0.638,1220538.13,13.2905877001487
